fixed acidity,volatile acidity,citric acid,residual sugar,chlorides,free sulfur dioxide,total sulfur dioxide,density,pH,sulphates,alcohol,quality,Id
7.4,0.7,0,1.9,0.076,11,34,0.9978,3.51,0.56,9.4,5,0
7.8,0.88,0,2.6,0.098,25,67,0.9968,3.2,0.68,9.8,5,1
7.8,0.76,0.04,2.3,0.092,15,54,0.997,3.26,0.65,9.8,5,2
11.2,0.28,0.56,1.9,0.075,17,60,0.998,3.16,0.58,9.8,6,3
7.4,0.7,0,1.9,0.076,11,34,0.9978,3.51,0.56,9.4,5,4
7.4,0.66,0,1.8,0.075,13,40,0.9978,3.51,0.56,9.4,5,5
7.9,0.6,0.06,1.6,0.069,15,59,0.9964,3.3,0.46,9.4,5,6
7.3,0.65,0,1.2,0.065,15,21,0.9946,3.39,0.47,10,7,7
7.8,0.58,0.02,2,0.073,9,18,0.9968,3.36,0.57,9.5,7,8
6.7,0.58,0.08,1.8,0.097,15,65,0.9959,3.28,0.54,9.2,5,9
5.6,0.615,0,1.6,0.089,16,59,0.9943,3.58,0.52,9.9,5,10
7.8,0.61,0.29,1.6,0.114,9,29,0.9974,3.26,1.56,9.1,5,11
8.5,0.28,0.56,1.8,0.092,35,103,0.9969,3.3,0.75,10.5,7,12
7.9,0.32,0.51,1.8,0.341,17,56,0.9969,3.04,1.08,9.2,6,13
7.6,0.39,0.31,2.3,0.082,23,71,0.9982,3.52,0.65,9.7,5,14
7.9,0.43,0.21,1.6,0.106,10,37,0.9966,3.17,0.91,9.5,5,15
8.5,0.49,0.11,2.3,0.084,9,67,0.9968,3.17,0.53,9.4,5,16
6.9,0.4,0.14,2.4,0.085,21,40,0.9968,3.43,0.63,9.7,6,17
6.3,0.39,0.16,1.4,0.08,11,23,0.9955,3.34,0.56,9.3,5,18
7.6,0.41,0.24,1.8,0.08,4,11,0.9962,3.28,0.59,9.5,5,19
7.1,0.71,0,1.9,0.08,14,35,0.9972,3.47,0.55,9.4,5,20
7.8,0.645,0,2,0.082,8,16,0.9964,3.38,0.59,9.8,6,21
6.7,0.675,0.07,2.4,0.089,17,82,0.9958,3.35,0.54,10.1,5,22
8.3,0.655,0.12,2.3,0.083,15,113,0.9966,3.17,0.66,9.8,5,23
5.2,0.32,0.25,1.8,0.103,13,50,0.9957,3.38,0.55,9.2,5,24
7.8,0.645,0,5.5,0.086,5,18,0.9986,3.4,0.55,9.6,6,25
7.8,0.6,0.14,2.4,0.086,3,15,0.9975,3.42,0.6,10.8,6,26
8.1,0.38,0.28,2.1,0.066,13,30,0.9968,3.23,0.73,9.7,7,27
7.3,0.45,0.36,5.9,0.074,12,87,0.9978,3.33,0.83,10.5,5,28
8.8,0.61,0.3,2.8,0.088,17,46,0.9976,3.26,0.51,9.3,4,29
7.5,0.49,0.2,2.6,0.332,8,14,0.9968,3.21,0.9,10.5,6,30
8.1,0.66,0.22,2.2,0.069,9,23,0.9968,3.3,1.2,10.3,5,31
4.6,0.52,0.15,2.1,0.054,8,65,0.9934,3.9,0.56,13.1,4,32
7.7,0.935,0.43,2.2,0.114,22,114,0.997,3.25,0.73,9.2,5,33
8.8,0.66,0.26,1.7,0.074,4,23,0.9971,3.15,0.74,9.2,5,34
6.6,0.52,0.04,2.2,0.069,8,15,0.9956,3.4,0.63,9.4,6,35
6.6,0.5,0.04,2.1,0.068,6,14,0.9955,3.39,0.64,9.4,6,36
8.6,0.38,0.36,3,0.081,30,119,0.997,3.2,0.56,9.4,5,37
7.6,0.51,0.15,2.8,0.11,33,73,0.9955,3.17,0.63,10.2,6,38
10.2,0.42,0.57,3.4,0.07,4,10,0.9971,3.04,0.63,9.6,5,39
7.8,0.59,0.18,2.3,0.076,17,54,0.9975,3.43,0.59,10,5,40
7.3,0.39,0.31,2.4,0.074,9,46,0.9962,3.41,0.54,9.4,6,41
8.8,0.4,0.4,2.2,0.079,19,52,0.998,3.44,0.64,9.2,5,42
7.7,0.69,0.49,1.8,0.115,20,112,0.9968,3.21,0.71,9.3,5,43
7,0.735,0.05,2,0.081,13,54,0.9966,3.39,0.57,9.8,5,44
7.2,0.725,0.05,4.65,0.086,4,11,0.9962,3.41,0.39,10.9,5,45
7.2,0.725,0.05,4.65,0.086,4,11,0.9962,3.41,0.39,10.9,5,46
6.6,0.705,0.07,1.6,0.076,6,15,0.9962,3.44,0.58,10.7,5,47
8,0.705,0.05,1.9,0.074,8,19,0.9962,3.34,0.95,10.5,6,48
7.7,0.69,0.22,1.9,0.084,18,94,0.9961,3.31,0.48,9.5,5,49
8.3,0.675,0.26,2.1,0.084,11,43,0.9976,3.31,0.53,9.2,4,50
8.8,0.41,0.64,2.2,0.093,9,42,0.9986,3.54,0.66,10.5,5,51
6.8,0.785,0,2.4,0.104,14,30,0.9966,3.52,0.55,10.7,6,52
6.7,0.75,0.12,2,0.086,12,80,0.9958,3.38,0.52,10.1,5,53
8.3,0.625,0.2,1.5,0.08,27,119,0.9972,3.16,1.12,9.1,4,54
6.2,0.45,0.2,1.6,0.069,3,15,0.9958,3.41,0.56,9.2,5,55
7.4,0.5,0.47,2,0.086,21,73,0.997,3.36,0.57,9.1,5,56
6.3,0.3,0.48,1.8,0.069,18,61,0.9959,3.44,0.78,10.3,6,57
6.9,0.55,0.15,2.2,0.076,19,40,0.9961,3.41,0.59,10.1,5,58
8.6,0.49,0.28,1.9,0.11,20,136,0.9972,2.93,1.95,9.9,6,59
7.7,0.49,0.26,1.9,0.062,9,31,0.9966,3.39,0.64,9.6,5,60
9.3,0.39,0.44,2.1,0.107,34,125,0.9978,3.14,1.22,9.5,5,61
7,0.62,0.08,1.8,0.076,8,24,0.9978,3.48,0.53,9,5,62
7.9,0.52,0.26,1.9,0.079,42,140,0.9964,3.23,0.54,9.5,5,63
8.6,0.49,0.28,1.9,0.11,20,136,0.9972,2.93,1.95,9.9,6,64
7.7,0.49,0.26,1.9,0.062,9,31,0.9966,3.39,0.64,9.6,5,65
5,1.02,0.04,1.4,0.045,41,85,0.9938,3.75,0.48,10.5,4,66
6.8,0.775,0,3,0.102,8,23,0.9965,3.45,0.56,10.7,5,67
7.6,0.9,0.06,2.5,0.079,5,10,0.9967,3.39,0.56,9.8,5,68
8.1,0.545,0.18,1.9,0.08,13,35,0.9972,3.3,0.59,9,6,69
8.3,0.61,0.3,2.1,0.084,11,50,0.9972,3.4,0.61,10.2,6,70
8.1,0.545,0.18,1.9,0.08,13,35,0.9972,3.3,0.59,9,6,71
8.1,0.575,0.22,2.1,0.077,12,65,0.9967,3.29,0.51,9.2,5,72
7.2,0.49,0.24,2.2,0.07,5,36,0.996,3.33,0.48,9.4,5,73
8.1,0.575,0.22,2.1,0.077,12,65,0.9967,3.29,0.51,9.2,5,74
7.8,0.41,0.68,1.7,0.467,18,69,0.9973,3.08,1.31,9.3,5,75
6.2,0.63,0.31,1.7,0.088,15,64,0.9969,3.46,0.79,9.3,5,76
7.8,0.56,0.19,1.8,0.104,12,47,0.9964,3.19,0.93,9.5,5,77
8.4,0.62,0.09,2.2,0.084,11,108,0.9964,3.15,0.66,9.8,5,78
10.1,0.31,0.44,2.3,0.08,22,46,0.9988,3.32,0.67,9.7,6,79
7.8,0.56,0.19,1.8,0.104,12,47,0.9964,3.19,0.93,9.5,5,80
9.4,0.4,0.31,2.2,0.09,13,62,0.9966,3.07,0.63,10.5,6,81
8.3,0.54,0.28,1.9,0.077,11,40,0.9978,3.39,0.61,10,6,82
7.3,1.07,0.09,1.7,0.178,10,89,0.9962,3.3,0.57,9,5,83
8.8,0.55,0.04,2.2,0.119,14,56,0.9962,3.21,0.6,10.9,6,84
7.3,0.695,0,2.5,0.075,3,13,0.998,3.49,0.52,9.2,5,85
7.8,0.5,0.17,1.6,0.082,21,102,0.996,3.39,0.48,9.5,5,86
8.2,1.33,0,1.7,0.081,3,12,0.9964,3.53,0.49,10.9,5,87
8.1,1.33,0,1.8,0.082,3,12,0.9964,3.54,0.48,10.9,5,88
8,0.59,0.16,1.8,0.065,3,16,0.9962,3.42,0.92,10.5,7,89
8,0.745,0.56,2,0.118,30,134,0.9968,3.24,0.66,9.4,5,90
5.6,0.5,0.09,2.3,0.049,17,99,0.9937,3.63,0.63,13,5,91
7.9,1.04,0.05,2.2,0.084,13,29,0.9959,3.22,0.55,9.9,6,92
8.4,0.745,0.11,1.9,0.09,16,63,0.9965,3.19,0.82,9.6,5,93
7.2,0.415,0.36,2,0.081,13,45,0.9972,3.48,0.64,9.2,5,94
8.4,0.745,0.11,1.9,0.09,16,63,0.9965,3.19,0.82,9.6,5,95
5.2,0.34,0,1.8,0.05,27,63,0.9916,3.68,0.79,14,6,96
6.3,0.39,0.08,1.7,0.066,3,20,0.9954,3.34,0.58,9.4,5,97
5.2,0.34,0,1.8,0.05,27,63,0.9916,3.68,0.79,14,6,98
8.1,0.67,0.55,1.8,0.117,32,141,0.9968,3.17,0.62,9.4,5,99
5.8,0.68,0.02,1.8,0.087,21,94,0.9944,3.54,0.52,10,5,100
6.9,0.49,0.1,2.3,0.074,12,30,0.9959,3.42,0.58,10.2,6,101
7.3,0.33,0.47,2.1,0.077,5,11,0.9958,3.33,0.53,10.3,6,102
9.2,0.52,1,3.4,0.61,32,69,0.9996,2.74,2,9.4,4,103
7.5,0.6,0.03,1.8,0.095,25,99,0.995,3.35,0.54,10.1,5,104
7.5,0.6,0.03,1.8,0.095,25,99,0.995,3.35,0.54,10.1,5,105
7.1,0.43,0.42,5.5,0.071,28,128,0.9973,3.42,0.71,10.5,5,106
7.1,0.43,0.42,5.5,0.07,29,129,0.9973,3.42,0.72,10.5,5,107
7.1,0.43,0.42,5.5,0.071,28,128,0.9973,3.42,0.71,10.5,5,108
7.1,0.68,0,2.2,0.073,12,22,0.9969,3.48,0.5,9.3,5,109
6.8,0.6,0.18,1.9,0.079,18,86,0.9968,3.59,0.57,9.3,6,110
7.6,0.95,0.03,2,0.09,7,20,0.9959,3.2,0.56,9.6,5,111
7.6,0.68,0.02,1.3,0.072,9,20,0.9965,3.17,1.08,9.2,4,112
7.8,0.53,0.04,1.7,0.076,17,31,0.9964,3.33,0.56,10,6,113
7.4,0.6,0.26,7.3,0.07,36,121,0.9982,3.37,0.49,9.4,5,114
7.3,0.59,0.26,7.2,0.07,35,121,0.9981,3.37,0.49,9.4,5,115
7.8,0.63,0.48,1.7,0.1,14,96,0.9961,3.19,0.62,9.5,5,116
6.8,0.64,0.1,2.1,0.085,18,101,0.9956,3.34,0.52,10.2,5,117
7.3,0.55,0.03,1.6,0.072,17,42,0.9956,3.37,0.48,9,4,118
6.8,0.63,0.07,2.1,0.089,11,44,0.9953,3.47,0.55,10.4,6,119
7.9,0.885,0.03,1.8,0.058,4,8,0.9972,3.36,0.33,9.1,4,120
8,0.42,0.17,2,0.073,6,18,0.9972,3.29,0.61,9.2,6,121
7.4,0.62,0.05,1.9,0.068,24,42,0.9961,3.42,0.57,11.5,6,122
6.9,0.5,0.04,1.5,0.085,19,49,0.9958,3.35,0.78,9.5,5,123
7.3,0.38,0.21,2,0.08,7,35,0.9961,3.33,0.47,9.5,5,124
7.5,0.52,0.42,2.3,0.087,8,38,0.9972,3.58,0.61,10.5,6,125
7,0.805,0,2.5,0.068,7,20,0.9969,3.48,0.56,9.6,5,126
8.8,0.61,0.14,2.4,0.067,10,42,0.9969,3.19,0.59,9.5,5,127
8.8,0.61,0.14,2.4,0.067,10,42,0.9969,3.19,0.59,9.5,5,128
8.9,0.61,0.49,2,0.27,23,110,0.9972,3.12,1.02,9.3,5,129
7.2,0.73,0.02,2.5,0.076,16,42,0.9972,3.44,0.52,9.3,5,130
6.8,0.61,0.2,1.8,0.077,11,65,0.9971,3.54,0.58,9.3,5,131
6.7,0.62,0.21,1.9,0.079,8,62,0.997,3.52,0.58,9.3,6,132
8.9,0.31,0.57,2,0.111,26,85,0.9971,3.26,0.53,9.7,5,133
7.4,0.39,0.48,2,0.082,14,67,0.9972,3.34,0.55,9.2,5,134
7.9,0.5,0.33,2,0.084,15,143,0.9968,3.2,0.55,9.5,5,135
8.2,0.5,0.35,2.9,0.077,21,127,0.9976,3.23,0.62,9.4,5,136
6.4,0.37,0.25,1.9,0.074,21,49,0.9974,3.57,0.62,9.8,6,137
7.6,0.55,0.21,2.2,0.071,7,28,0.9964,3.28,0.55,9.7,5,138
7.6,0.55,0.21,2.2,0.071,7,28,0.9964,3.28,0.55,9.7,5,139
7.3,0.58,0.3,2.4,0.074,15,55,0.9968,3.46,0.59,10.2,5,140
11.5,0.3,0.6,2,0.067,12,27,0.9981,3.11,0.97,10.1,6,141
6.9,1.09,0.06,2.1,0.061,12,31,0.9948,3.51,0.43,11.4,4,142
9.6,0.32,0.47,1.4,0.056,9,24,0.99695,3.22,0.82,10.3,7,143
7,0.43,0.36,1.6,0.089,14,37,0.99615,3.34,0.56,9.2,6,144
12.8,0.3,0.74,2.6,0.095,9,28,0.9994,3.2,0.77,10.8,7,145
12.8,0.3,0.74,2.6,0.095,9,28,0.9994,3.2,0.77,10.8,7,146
7.8,0.44,0.28,2.7,0.1,18,95,0.9966,3.22,0.67,9.4,5,147
9.7,0.53,0.6,2,0.039,5,19,0.99585,3.3,0.86,12.4,6,148
8,0.725,0.24,2.8,0.083,10,62,0.99685,3.35,0.56,10,6,149
8.2,0.57,0.26,2.2,0.06,28,65,0.9959,3.3,0.43,10.1,5,150
7.8,0.735,0.08,2.4,0.092,10,41,0.9974,3.24,0.71,9.8,6,151
7,0.49,0.49,5.6,0.06,26,121,0.9974,3.34,0.76,10.5,5,152
8.7,0.625,0.16,2,0.101,13,49,0.9962,3.14,0.57,11,5,153
8.1,0.725,0.22,2.2,0.072,11,41,0.9967,3.36,0.55,9.1,5,154
7.5,0.49,0.19,1.9,0.076,10,44,0.9957,3.39,0.54,9.7,5,155
7.8,0.34,0.37,2,0.082,24,58,0.9964,3.34,0.59,9.4,6,156
7.4,0.53,0.26,2,0.101,16,72,0.9957,3.15,0.57,9.4,5,157
6.8,0.61,0.04,1.5,0.057,5,10,0.99525,3.42,0.6,9.5,5,158
8.6,0.645,0.25,2,0.083,8,28,0.99815,3.28,0.6,10,6,159
7.7,0.43,0.25,2.6,0.073,29,63,0.99615,3.37,0.58,10.5,6,160
8.9,0.59,0.5,2,0.337,27,81,0.9964,3.04,1.61,9.5,6,161
5.2,0.48,0.04,1.6,0.054,19,106,0.9927,3.54,0.62,12.2,7,162
8,0.38,0.06,1.8,0.078,12,49,0.99625,3.37,0.52,9.9,6,163
8.5,0.37,0.2,2.8,0.09,18,58,0.998,3.34,0.7,9.6,6,164
8.2,1,0.09,2.3,0.065,7,37,0.99685,3.32,0.55,9,6,165
7.2,0.63,0,1.9,0.097,14,38,0.99675,3.37,0.58,9,6,166
8.9,0.635,0.37,1.7,0.263,5,62,0.9971,3,1.09,9.3,5,167
12,0.38,0.56,2.1,0.093,6,24,0.99925,3.14,0.71,10.9,6,168
7.7,0.58,0.1,1.8,0.102,28,109,0.99565,3.08,0.49,9.8,6,169
15,0.21,0.44,2.2,0.075,10,24,1.00005,3.07,0.84,9.2,7,170
15,0.21,0.44,2.2,0.075,10,24,1.00005,3.07,0.84,9.2,7,171
7.3,0.66,0,2,0.084,6,23,0.9983,3.61,0.96,9.9,6,172
7.1,0.68,0.07,1.9,0.075,16,51,0.99685,3.38,0.52,9.5,5,173
7.3,0.66,0,2,0.084,6,23,0.9983,3.61,0.96,9.9,6,174
10.8,0.32,0.44,1.6,0.063,16,37,0.9985,3.22,0.78,10,6,175
7.1,0.6,0,1.8,0.074,16,34,0.9972,3.47,0.7,9.9,6,176
11.1,0.35,0.48,3.1,0.09,5,21,0.9986,3.17,0.53,10.5,5,177
7.7,0.775,0.42,1.9,0.092,8,86,0.9959,3.23,0.59,9.5,5,178
8,0.57,0.23,3.2,0.073,17,119,0.99675,3.26,0.57,9.3,5,179
9.4,0.34,0.37,2.2,0.075,5,13,0.998,3.22,0.62,9.2,5,180
6.6,0.695,0,2.1,0.075,12,56,0.9968,3.49,0.67,9.2,5,181
7.7,0.41,0.76,1.8,0.611,8,45,0.9968,3.06,1.26,9.4,5,182
10,0.31,0.47,2.6,0.085,14,33,0.99965,3.36,0.8,10.5,7,183
7.9,0.33,0.23,1.7,0.077,18,45,0.99625,3.29,0.65,9.3,5,184
7,0.975,0.04,2,0.087,12,67,0.99565,3.35,0.6,9.4,4,185
8,0.52,0.03,1.7,0.07,10,35,0.99575,3.34,0.57,10,5,186
7.9,0.37,0.23,1.8,0.077,23,49,0.9963,3.28,0.67,9.3,5,187
12.5,0.56,0.49,2.4,0.064,5,27,0.9999,3.08,0.87,10.9,5,188
8.1,0.87,0,3.3,0.096,26,61,1.00025,3.6,0.72,9.8,4,189
7.9,0.35,0.46,3.6,0.078,15,37,0.9973,3.35,0.86,12.8,8,190
6.9,0.54,0.04,3,0.077,7,27,0.9987,3.69,0.91,9.4,6,191
11.5,0.18,0.51,4,0.104,4,23,0.9996,3.28,0.97,10.1,6,192
7.9,0.545,0.06,4,0.087,27,61,0.9965,3.36,0.67,10.7,6,193
7.9,0.545,0.06,4,0.087,27,61,0.9965,3.36,0.67,10.7,6,194
6.9,0.54,0.04,3,0.077,7,27,0.9987,3.69,0.91,9.4,6,195
11.5,0.18,0.51,4,0.104,4,23,0.9996,3.28,0.97,10.1,6,196
10.3,0.32,0.45,6.4,0.073,5,13,0.9976,3.23,0.82,12.6,8,197
8.9,0.4,0.32,5.6,0.087,10,47,0.9991,3.38,0.77,10.5,7,198
11.4,0.26,0.44,3.6,0.071,6,19,0.9986,3.12,0.82,9.3,6,199
7.7,0.27,0.68,3.5,0.358,5,10,0.9972,3.25,1.08,9.9,7,200
8.9,0.4,0.32,5.6,0.087,10,47,0.9991,3.38,0.77,10.5,7,201
9.9,0.59,0.07,3.4,0.102,32,71,1.00015,3.31,0.71,9.8,5,202
9.9,0.59,0.07,3.4,0.102,32,71,1.00015,3.31,0.71,9.8,5,203
12,0.45,0.55,2,0.073,25,49,0.9997,3.1,0.76,10.3,6,204
7.5,0.4,0.12,3,0.092,29,53,0.9967,3.37,0.7,10.3,6,205
8.7,0.52,0.09,2.5,0.091,20,49,0.9976,3.34,0.86,10.6,7,206
11.6,0.42,0.53,3.3,0.105,33,98,1.001,3.2,0.95,9.2,5,207
8.7,0.52,0.09,2.5,0.091,20,49,0.9976,3.34,0.86,10.6,7,208
10.4,0.55,0.23,2.7,0.091,18,48,0.9994,3.22,0.64,10.3,6,209
6.9,0.36,0.25,2.4,0.098,5,16,0.9964,3.41,0.6,10.1,6,210
13.3,0.34,0.52,3.2,0.094,17,53,1.0014,3.05,0.81,9.5,6,211
10.8,0.5,0.46,2.5,0.073,5,27,1.0001,3.05,0.64,9.5,5,212
10.6,0.83,0.37,2.6,0.086,26,70,0.9981,3.16,0.52,9.9,5,213
7.1,0.63,0.06,2,0.083,8,29,0.99855,3.67,0.73,9.6,5,214
7.2,0.65,0.02,2.3,0.094,5,31,0.9993,3.67,0.8,9.7,5,215
7.5,0.53,0.06,2.6,0.086,20,44,0.9965,3.38,0.59,10.7,6,216
11.1,0.18,0.48,1.5,0.068,7,15,0.9973,3.22,0.64,10.1,6,217
8.3,0.705,0.12,2.6,0.092,12,28,0.9994,3.51,0.72,10,5,218
8.4,0.65,0.6,2.1,0.112,12,90,0.9973,3.2,0.52,9.2,5,219
7.6,0.62,0.32,2.2,0.082,7,54,0.9966,3.36,0.52,9.4,5,220
10.3,0.41,0.42,2.4,0.213,6,14,0.9994,3.19,0.62,9.5,6,221
10.3,0.43,0.44,2.4,0.214,5,12,0.9994,3.19,0.63,9.5,6,222
7.9,0.53,0.24,2,0.072,15,105,0.996,3.27,0.54,9.4,6,223
9,0.46,0.31,2.8,0.093,19,98,0.99815,3.32,0.63,9.5,6,224
8.6,0.47,0.3,3,0.076,30,135,0.9976,3.3,0.53,9.4,5,225
7.4,0.36,0.29,2.6,0.087,26,72,0.99645,3.39,0.68,11,5,226
9.8,0.66,0.39,3.2,0.083,21,59,0.9989,3.37,0.71,11.5,7,227
9.6,0.77,0.12,2.9,0.082,30,74,0.99865,3.3,0.64,10.4,6,228
9.3,0.61,0.26,3.4,0.09,25,87,0.99975,3.24,0.62,9.7,5,229
10,0.49,0.2,11,0.071,13,50,1.0015,3.16,0.69,9.2,6,230
10,0.49,0.2,11,0.071,13,50,1.0015,3.16,0.69,9.2,6,231
11.6,0.53,0.66,3.65,0.121,6,14,0.9978,3.05,0.74,11.5,7,232
10.3,0.44,0.5,4.5,0.107,5,13,0.998,3.28,0.83,11.5,5,233
13.4,0.27,0.62,2.6,0.082,6,21,1.0002,3.16,0.67,9.7,6,234
8.4,0.56,0.08,2.1,0.105,16,44,0.9958,3.13,0.52,11,5,235
7.9,0.65,0.01,2.5,0.078,17,38,0.9963,3.34,0.74,11.7,7,236
11.9,0.695,0.53,3.4,0.128,7,21,0.9992,3.17,0.84,12.2,7,237
8.9,0.43,0.45,1.9,0.052,6,16,0.9948,3.35,0.7,12.5,6,238
7.8,0.43,0.32,2.8,0.08,29,58,0.9974,3.31,0.64,10.3,5,239
12.5,0.28,0.54,2.3,0.082,12,29,0.9997,3.11,1.36,9.8,7,240
10.9,0.39,0.47,1.8,0.118,6,14,0.9982,3.3,0.75,9.8,6,241
10.9,0.39,0.47,1.8,0.118,6,14,0.9982,3.3,0.75,9.8,6,242
11.9,0.57,0.5,2.6,0.082,6,32,1.0006,3.12,0.78,10.7,6,243
13.8,0.49,0.67,3,0.093,6,15,0.9986,3.02,0.93,12,6,244
9.6,0.56,0.31,2.8,0.089,15,46,0.9979,3.11,0.92,10,6,245
9.1,0.795,0,2.6,0.096,11,26,0.9994,3.35,0.83,9.4,6,246
7.7,0.665,0,2.4,0.09,8,19,0.9974,3.27,0.73,9.3,5,247
13.5,0.53,0.79,4.8,0.12,23,77,1.0018,3.18,0.77,13,5,248
6.1,0.21,0.4,1.4,0.066,40.5,165,0.9912,3.25,0.59,11.9,6,249
6.7,0.75,0.01,2.4,0.078,17,32,0.9955,3.55,0.61,12.8,6,250
11.5,0.41,0.52,3,0.08,29,55,1.0001,3.26,0.88,11,5,251
10.5,0.42,0.66,2.95,0.116,12,29,0.997,3.24,0.75,11.7,7,252
11.9,0.43,0.66,3.1,0.109,10,23,1,3.15,0.85,10.4,7,253
12.6,0.38,0.66,2.6,0.088,10,41,1.001,3.17,0.68,9.8,6,254
8.2,0.7,0.23,2,0.099,14,81,0.9973,3.19,0.7,9.4,5,255
8.6,0.45,0.31,2.6,0.086,21,50,0.9982,3.37,0.91,9.9,6,256
11.9,0.58,0.66,2.5,0.072,6,37,0.9992,3.05,0.56,10,5,257
12.5,0.46,0.63,2,0.071,6,15,0.9988,2.99,0.87,10.2,5,258
12.8,0.615,0.66,5.8,0.083,7,42,1.0022,3.07,0.73,10,7,259
12.8,0.615,0.66,5.8,0.083,7,42,1.0022,3.07,0.73,10,7,260
10.4,0.575,0.61,2.6,0.076,11,24,1,3.16,0.69,9,5,261
9.4,0.27,0.53,2.4,0.074,6,18,0.9962,3.2,1.13,12,7,262
7.9,0.24,0.4,1.6,0.056,11,25,0.9967,3.32,0.87,8.7,6,263
9.1,0.28,0.48,1.8,0.067,26,46,0.9967,3.32,1.04,10.6,6,264
11.5,0.45,0.5,3,0.078,19,47,1.0003,3.26,1.11,11,6,265
9.4,0.27,0.53,2.4,0.074,6,18,0.9962,3.2,1.13,12,7,266
11.4,0.625,0.66,6.2,0.088,6,24,0.9988,3.11,0.99,13.3,6,267
8.3,0.26,0.42,2,0.08,11,27,0.9974,3.21,0.8,9.4,6,268
7.7,0.51,0.28,2.1,0.087,23,54,0.998,3.42,0.74,9.2,5,269
7.8,0.46,0.26,1.9,0.088,23,53,0.9981,3.43,0.74,9.2,6,270
5.6,0.85,0.05,1.4,0.045,12,88,0.9924,3.56,0.82,12.9,8,271
13.7,0.415,0.68,2.9,0.085,17,43,1.0014,3.06,0.8,10,6,272
9.5,0.37,0.52,2,0.082,6,26,0.998,3.18,0.51,9.5,5,273
12,0.37,0.76,4.2,0.066,7,38,1.0004,3.22,0.6,13,7,274
6.6,0.735,0.02,7.9,0.122,68,124,0.9994,3.47,0.53,9.9,5,275
11.5,0.59,0.59,2.6,0.087,13,49,0.9988,3.18,0.65,11,6,276
8.7,0.765,0.22,2.3,0.064,9,42,0.9963,3.1,0.55,9.4,5,277
6.6,0.735,0.02,7.9,0.122,68,124,0.9994,3.47,0.53,9.9,5,278
12.2,0.48,0.54,2.6,0.085,19,64,1,3.1,0.61,10.5,6,279
11.4,0.6,0.49,2.7,0.085,10,41,0.9994,3.15,0.63,10.5,6,280
7.7,0.69,0.05,2.7,0.075,15,27,0.9974,3.26,0.61,9.1,5,281
9.8,0.44,0.47,2.5,0.063,9,28,0.9981,3.24,0.65,10.8,6,282
12,0.39,0.66,3,0.093,12,30,0.9996,3.18,0.63,10.8,7,283
12.5,0.46,0.49,4.5,0.07,26,49,0.9981,3.05,0.57,9.6,4,284
9,0.43,0.34,2.5,0.08,26,86,0.9987,3.38,0.62,9.5,6,285
7.1,0.735,0.16,1.9,0.1,15,77,0.9966,3.27,0.64,9.3,5,286
9.9,0.4,0.53,6.7,0.097,6,19,0.9986,3.27,0.82,11.7,7,287
8.8,0.52,0.34,2.7,0.087,24,122,0.9982,3.26,0.61,9.5,5,288
8.6,0.725,0.24,6.6,0.117,31,134,1.0014,3.32,1.07,9.3,5,289
10.6,0.48,0.64,2.2,0.111,6,20,0.997,3.26,0.66,11.7,6,290
7,0.58,0.12,1.9,0.091,34,124,0.9956,3.44,0.48,10.5,5,291
11.9,0.38,0.51,2,0.121,7,20,0.9996,3.24,0.76,10.4,6,292
6.8,0.77,0,1.8,0.066,34,52,0.9976,3.62,0.68,9.9,5,293
6.6,0.84,0.03,2.3,0.059,32,48,0.9952,3.52,0.56,12.3,7,294
7.7,0.96,0.2,2,0.047,15,60,0.9955,3.36,0.44,10.9,5,295
10.5,0.24,0.47,2.1,0.066,6,24,0.9978,3.15,0.9,11,7,296
6.6,0.84,0.03,2.3,0.059,32,48,0.9952,3.52,0.56,12.3,7,297
6.4,0.67,0.08,2.1,0.045,19,48,0.9949,3.49,0.49,11.4,6,298
9.5,0.78,0.22,1.9,0.077,6,32,0.9988,3.26,0.56,10.6,6,299
9.1,0.52,0.33,1.3,0.07,9,30,0.9978,3.24,0.6,9.3,5,300
12.8,0.84,0.63,2.4,0.088,13,35,0.9997,3.1,0.6,10.4,6,301
10.5,0.24,0.47,2.1,0.066,6,24,0.9978,3.15,0.9,11,7,302
7.8,0.55,0.35,2.2,0.074,21,66,0.9974,3.25,0.56,9.2,5,303
12.3,0.39,0.63,2.3,0.091,6,18,1.0004,3.16,0.49,9.5,5,304
10.4,0.41,0.55,3.2,0.076,22,54,0.9996,3.15,0.89,9.9,6,305
12.3,0.39,0.63,2.3,0.091,6,18,1.0004,3.16,0.49,9.5,5,306
8,0.67,0.3,2,0.06,38,62,0.9958,3.26,0.56,10.2,6,307
11.1,0.45,0.73,3.2,0.066,6,22,0.9986,3.17,0.66,11.2,6,308
7,0.62,0.18,1.5,0.062,7,50,0.9951,3.08,0.6,9.3,5,309
12.6,0.31,0.72,2.2,0.072,6,29,0.9987,2.88,0.82,9.8,8,310
15.6,0.685,0.76,3.7,0.1,6,43,1.0032,2.95,0.68,11.2,7,311
5.3,0.57,0.01,1.7,0.054,5,27,0.9934,3.57,0.84,12.5,7,312
12.5,0.38,0.6,2.6,0.081,31,72,0.9996,3.1,0.73,10.5,5,313
9.3,0.48,0.29,2.1,0.127,6,16,0.9968,3.22,0.72,11.2,5,314
8.6,0.53,0.22,2,0.1,7,27,0.9967,3.2,0.56,10.2,6,315
11.9,0.39,0.69,2.8,0.095,17,35,0.9994,3.1,0.61,10.8,6,316
11.9,0.39,0.69,2.8,0.095,17,35,0.9994,3.1,0.61,10.8,6,317
6.8,0.56,0.03,1.7,0.084,18,35,0.9968,3.44,0.63,10,6,318
10.4,0.33,0.63,2.8,0.084,5,22,0.9998,3.26,0.74,11.2,7,319
7,0.23,0.4,1.6,0.063,21,67,0.9952,3.5,0.63,11.1,5,320
11.3,0.62,0.67,5.2,0.086,6,19,0.9988,3.22,0.69,13.4,8,321
8.9,0.59,0.39,2.3,0.095,5,22,0.9986,3.37,0.58,10.3,5,322
9.2,0.63,0.21,2.7,0.097,29,65,0.9988,3.28,0.58,9.6,5,323
11.6,0.58,0.66,2.2,0.074,10,47,1.0008,3.25,0.57,9,3,324
9.2,0.43,0.52,2.3,0.083,14,23,0.9976,3.35,0.61,11.3,6,325
8.3,0.615,0.22,2.6,0.087,6,19,0.9982,3.26,0.61,9.3,5,326
11.5,0.315,0.54,2.1,0.084,5,15,0.9987,2.98,0.7,9.2,6,327
10.3,0.5,0.42,2,0.069,21,51,0.9982,3.16,0.72,11.5,6,328
8.8,0.46,0.45,2.6,0.065,7,18,0.9947,3.32,0.79,14,6,329
11.4,0.36,0.69,2.1,0.09,6,21,1,3.17,0.62,9.2,6,330
8.7,0.82,0.02,1.2,0.07,36,48,0.9952,3.2,0.58,9.8,5,331
13,0.32,0.65,2.6,0.093,15,47,0.9996,3.05,0.61,10.6,5,332
9.6,0.54,0.42,2.4,0.081,25,52,0.997,3.2,0.71,11.4,6,333
12.5,0.37,0.55,2.6,0.083,25,68,0.9995,3.15,0.82,10.4,6,334
9.6,0.68,0.24,2.2,0.087,5,28,0.9988,3.14,0.6,10.2,5,335
9.3,0.27,0.41,2,0.091,6,16,0.998,3.28,0.7,9.7,5,336
10.4,0.24,0.49,1.8,0.075,6,20,0.9977,3.18,1.06,11,6,337
9.4,0.685,0.11,2.7,0.077,6,31,0.9984,3.19,0.7,10.1,6,338
10.6,0.28,0.39,15.5,0.069,6,23,1.0026,3.12,0.66,9.2,5,339
9.4,0.3,0.56,2.8,0.08,6,17,0.9964,3.15,0.92,11.7,8,340
10.6,0.36,0.6,2.2,0.152,7,18,0.9986,3.04,1.06,9.4,5,341
10.2,0.67,0.39,1.9,0.054,6,17,0.9976,3.17,0.47,10,5,342
10.2,0.645,0.36,1.8,0.053,5,14,0.9982,3.17,0.42,10,6,343
9.3,0.39,0.4,2.6,0.073,10,26,0.9984,3.34,0.75,10.2,6,344
9.2,0.41,0.5,2.5,0.055,12,25,0.9952,3.34,0.79,13.3,7,345
8.9,0.4,0.51,2.6,0.052,13,27,0.995,3.32,0.9,13.4,7,346
8.7,0.69,0.31,3,0.086,23,81,1.0002,3.48,0.74,11.6,6,347
6.5,0.39,0.23,8.3,0.051,28,91,0.9952,3.44,0.55,12.1,6,348
10.7,0.35,0.53,2.6,0.07,5,16,0.9972,3.15,0.65,11,8,349
7.8,0.52,0.25,1.9,0.081,14,38,0.9984,3.43,0.65,9,6,350
7.2,0.34,0.32,2.5,0.09,43,113,0.9966,3.32,0.79,11.1,5,351
10.7,0.35,0.53,2.6,0.07,5,16,0.9972,3.15,0.65,11,8,352
8.7,0.69,0.31,3,0.086,23,81,1.0002,3.48,0.74,11.6,6,353
7.8,0.52,0.25,1.9,0.081,14,38,0.9984,3.43,0.65,9,6,354
10.4,0.44,0.73,6.55,0.074,38,76,0.999,3.17,0.85,12,7,355
10.4,0.44,0.73,6.55,0.074,38,76,0.999,3.17,0.85,12,7,356
10.5,0.24,0.42,1.8,0.077,6,22,0.9976,3.21,1.05,10.8,7,357
10.2,0.49,0.63,2.9,0.072,10,26,0.9968,3.16,0.78,12.5,7,358
10.4,0.24,0.46,1.8,0.075,6,21,0.9976,3.25,1.02,10.8,7,359
11.2,0.67,0.55,2.3,0.084,6,13,1,3.17,0.71,9.5,6,360
13.3,0.29,0.75,2.8,0.084,23,43,0.9986,3.04,0.68,11.4,7,361
10,0.59,0.31,2.2,0.09,26,62,0.9994,3.18,0.63,10.2,6,362
10.7,0.4,0.48,2.1,0.125,15,49,0.998,3.03,0.81,9.7,6,363
10.5,0.51,0.64,2.4,0.107,6,15,0.9973,3.09,0.66,11.8,7,364
10.5,0.51,0.64,2.4,0.107,6,15,0.9973,3.09,0.66,11.8,7,365
8.5,0.655,0.49,6.1,0.122,34,151,1.001,3.31,1.14,9.3,5,366
12.5,0.6,0.49,4.3,0.1,5,14,1.001,3.25,0.74,11.9,6,367
10.4,0.61,0.49,2.1,0.2,5,16,0.9994,3.16,0.63,8.4,3,368
9.8,0.25,0.49,2.7,0.088,15,33,0.9982,3.42,0.9,10,6,369
9.3,0.4,0.49,2.5,0.085,38,142,0.9978,3.22,0.55,9.4,5,370
9.2,0.43,0.49,2.4,0.086,23,116,0.9976,3.23,0.64,9.5,5,371
7,0.38,0.49,2.5,0.097,33,85,0.9962,3.39,0.77,11.4,6,372
9.9,0.63,0.24,2.4,0.077,6,33,0.9974,3.09,0.57,9.4,5,373
9.1,0.22,0.24,2.1,0.078,1,28,0.999,3.41,0.87,10.3,6,374
11.9,0.38,0.49,2.7,0.098,12,42,1.0004,3.16,0.61,10.3,5,375
11.9,0.38,0.49,2.7,0.098,12,42,1.0004,3.16,0.61,10.3,5,376
10.3,0.27,0.24,2.1,0.072,15,33,0.9956,3.22,0.66,12.8,6,377
10,0.48,0.24,2.7,0.102,13,32,1,3.28,0.56,10,6,378
9.1,0.22,0.24,2.1,0.078,1,28,0.999,3.41,0.87,10.3,6,379
9.9,0.63,0.24,2.4,0.077,6,33,0.9974,3.09,0.57,9.4,5,380
8.1,0.825,0.24,2.1,0.084,5,13,0.9972,3.37,0.77,10.7,6,381
12.9,0.35,0.49,5.8,0.066,5,35,1.0014,3.2,0.66,12,7,382
11.2,0.5,0.74,5.15,0.1,5,17,0.9996,3.22,0.62,11.2,5,383
9.2,0.59,0.24,3.3,0.101,20,47,0.9988,3.26,0.67,9.6,5,384
9.5,0.46,0.49,6.3,0.064,5,17,0.9988,3.21,0.73,11,6,385
9.3,0.715,0.24,2.1,0.07,5,20,0.9966,3.12,0.59,9.9,5,386
11.2,0.66,0.24,2.5,0.085,16,53,0.9993,3.06,0.72,11,6,387
14.3,0.31,0.74,1.8,0.075,6,15,1.0008,2.86,0.79,8.4,6,388
9.1,0.47,0.49,2.6,0.094,38,106,0.9982,3.08,0.59,9.1,5,389
7.5,0.55,0.24,2,0.078,10,28,0.9983,3.45,0.78,9.5,6,390
10.6,0.31,0.49,2.5,0.067,6,21,0.9987,3.26,0.86,10.7,6,391
12.4,0.35,0.49,2.6,0.079,27,69,0.9994,3.12,0.75,10.4,6,392
6.8,0.51,0.01,2.1,0.074,9,25,0.9958,3.33,0.56,9.5,6,393
9.4,0.43,0.24,2.8,0.092,14,45,0.998,3.19,0.73,10,6,394
9.5,0.46,0.24,2.7,0.092,14,44,0.998,3.12,0.74,10,6,395
5,1.04,0.24,1.6,0.05,32,96,0.9934,3.74,0.62,11.5,5,396
15.5,0.645,0.49,4.2,0.095,10,23,1.00315,2.92,0.74,11.1,5,397
10.9,0.53,0.49,4.6,0.118,10,17,1.0002,3.07,0.56,11.7,6,398
15.6,0.645,0.49,4.2,0.095,10,23,1.00315,2.92,0.74,11.1,5,399
13,0.47,0.49,4.3,0.085,6,47,1.0021,3.3,0.68,12.7,6,400
12.7,0.6,0.49,2.8,0.075,5,19,0.9994,3.14,0.57,11.4,5,401
9,0.54,0.49,2.9,0.094,41,110,0.9982,3.08,0.61,9.2,5,402
7.6,0.29,0.49,2.7,0.092,25,60,0.9971,3.31,0.61,10.1,6,403
13,0.47,0.49,4.3,0.085,6,47,1.0021,3.3,0.68,12.7,6,404
12.7,0.6,0.49,2.8,0.075,5,19,0.9994,3.14,0.57,11.4,5,405
8.7,0.7,0.24,2.5,0.226,5,15,0.9991,3.32,0.6,9,6,406
9.8,0.5,0.49,2.6,0.25,5,20,0.999,3.31,0.79,10.7,6,407
6.2,0.36,0.24,2.2,0.095,19,42,0.9946,3.57,0.57,11.7,6,408
11.5,0.35,0.49,3.3,0.07,10,37,1.0003,3.32,0.91,11,6,409
10.2,0.24,0.49,2.4,0.075,10,28,0.9978,3.14,0.61,10.4,5,410
9.9,0.5,0.24,2.3,0.103,6,14,0.9978,3.34,0.52,10,4,411
8.8,0.44,0.49,2.8,0.083,18,111,0.9982,3.3,0.6,9.5,5,412
8.8,0.47,0.49,2.9,0.085,17,110,0.9982,3.29,0.6,9.8,5,413
10.6,0.31,0.49,2.2,0.063,18,40,0.9976,3.14,0.51,9.8,6,414
12.3,0.5,0.49,2.2,0.089,5,14,1.0002,3.19,0.44,9.6,5,415
12.3,0.5,0.49,2.2,0.089,5,14,1.0002,3.19,0.44,9.6,5,416
12,0.28,0.49,1.9,0.074,10,21,0.9976,2.98,0.66,9.9,7,417
7.3,0.73,0.24,1.9,0.108,18,102,0.9967,3.26,0.59,9.3,5,418
5,0.42,0.24,2,0.06,19,50,0.9917,3.72,0.74,14,8,419
9,0.45,0.49,2.6,0.084,21,75,0.9987,3.35,0.57,9.7,5,420
6.6,0.39,0.49,1.7,0.07,23,149,0.9922,3.12,0.5,11.5,6,421
9,0.45,0.49,2.6,0.084,21,75,0.9987,3.35,0.57,9.7,5,422
9.9,0.49,0.58,3.5,0.094,9,43,1.0004,3.29,0.58,9,5,423
8.9,0.595,0.41,7.9,0.086,30,109,0.9998,3.27,0.57,9.3,5,424
12.4,0.4,0.51,2,0.059,6,24,0.9994,3.04,0.6,9.3,6,425
8.5,0.585,0.18,2.1,0.078,5,30,0.9967,3.2,0.48,9.8,6,426
7.7,0.835,0,2.6,0.081,6,14,0.9975,3.3,0.52,9.3,5,427
8.3,0.58,0.13,2.9,0.096,14,63,0.9984,3.17,0.62,9.1,6,428
8.8,0.48,0.41,3.3,0.092,26,52,0.9982,3.31,0.53,10.5,6,429
10.1,0.65,0.37,5.1,0.11,11,65,1.0026,3.32,0.64,10.4,6,430
6.3,0.36,0.19,3.2,0.075,15,39,0.9956,3.56,0.52,12.7,6,431
8.8,0.24,0.54,2.5,0.083,25,57,0.9983,3.39,0.54,9.2,5,432
13.2,0.38,0.55,2.7,0.081,5,16,1.0006,2.98,0.54,9.4,5,433
7.5,0.64,0,2.4,0.077,18,29,0.9965,3.32,0.6,10,6,434
9.6,0.6,0.5,2.3,0.079,28,71,0.9997,3.5,0.57,9.7,5,435
11.5,0.31,0.51,2.2,0.079,14,28,0.9982,3.03,0.93,9.8,6,436
11.3,0.37,0.41,2.3,0.088,6,16,0.9988,3.09,0.8,9.3,5,437
8.3,0.54,0.24,3.4,0.076,16,112,0.9976,3.27,0.61,9.4,5,438
8.2,0.56,0.23,3.4,0.078,14,104,0.9976,3.28,0.62,9.4,5,439
10,0.58,0.22,1.9,0.08,9,32,0.9974,3.13,0.55,9.5,5,440
6.8,0.69,0,5.6,0.124,21,58,0.9997,3.46,0.72,10.2,5,441
8.8,0.6,0.29,2.2,0.098,5,15,0.9988,3.36,0.49,9.1,5,442
8.8,0.6,0.29,2.2,0.098,5,15,0.9988,3.36,0.49,9.1,5,443
8.7,0.54,0.26,2.5,0.097,7,31,0.9976,3.27,0.6,9.3,6,444
7.6,0.685,0.23,2.3,0.111,20,84,0.9964,3.21,0.61,9.3,5,445
8.7,0.54,0.26,2.5,0.097,7,31,0.9976,3.27,0.6,9.3,6,446
10.4,0.28,0.54,2.7,0.105,5,19,0.9988,3.25,0.63,9.5,5,447
7.6,0.41,0.14,3,0.087,21,43,0.9964,3.32,0.57,10.5,6,448
10.1,0.935,0.22,3.4,0.105,11,86,1.001,3.43,0.64,11.3,4,449
7.9,0.35,0.21,1.9,0.073,46,102,0.9964,3.27,0.58,9.5,5,450
8.7,0.84,0,1.4,0.065,24,33,0.9954,3.27,0.55,9.7,5,451
9.6,0.88,0.28,2.4,0.086,30,147,0.9979,3.24,0.53,9.4,5,452
9.5,0.885,0.27,2.3,0.084,31,145,0.9978,3.24,0.53,9.4,5,453
8.9,0.29,0.35,1.9,0.067,25,57,0.997,3.18,1.36,10.3,6,454
9.9,0.54,0.45,2.3,0.071,16,40,0.9991,3.39,0.62,9.4,5,455
9.9,0.54,0.45,2.3,0.071,16,40,0.9991,3.39,0.62,9.4,5,456
9.9,0.54,0.45,2.3,0.071,16,40,0.9991,3.39,0.62,9.4,5,457
8.3,0.845,0.01,2.2,0.07,5,14,0.9967,3.32,0.58,11,4,458
8.7,0.48,0.3,2.8,0.066,10,28,0.9964,3.33,0.67,11.2,7,459
6.7,0.42,0.27,8.6,0.068,24,148,0.9948,3.16,0.57,11.3,6,460
10.7,0.43,0.39,2.2,0.106,8,32,0.9986,2.89,0.5,9.6,5,461
15.9,0.36,0.65,7.5,0.096,22,71,0.9976,2.98,0.84,14.9,5,462
9.4,0.33,0.59,2.8,0.079,9,30,0.9976,3.12,0.54,12,6,463
8.6,0.47,0.47,2.4,0.074,7,29,0.9979,3.08,0.46,9.5,5,464
9.7,0.55,0.17,2.9,0.087,20,53,1.0004,3.14,0.61,9.4,5,465
10.7,0.43,0.39,2.2,0.106,8,32,0.9986,2.89,0.5,9.6,5,466
12,0.5,0.59,1.4,0.073,23,42,0.998,2.92,0.68,10.5,7,467
7.2,0.52,0.07,1.4,0.074,5,20,0.9973,3.32,0.81,9.6,6,468
7.2,0.52,0.07,1.4,0.074,5,20,0.9973,3.32,0.81,9.6,6,469
7.5,0.42,0.31,1.6,0.08,15,42,0.9978,3.31,0.64,9,5,470
7.2,0.57,0.06,1.6,0.076,9,27,0.9972,3.36,0.7,9.6,6,471
9.4,0.59,0.14,2,0.084,25,48,0.9981,3.14,0.56,9.7,5,472
8.3,0.49,0.36,1.8,0.222,6,16,0.998,3.18,0.6,9.5,6,473
11.3,0.34,0.45,2,0.082,6,15,0.9988,2.94,0.66,9.2,6,474
11.3,0.34,0.45,2,0.082,6,15,0.9988,2.94,0.66,9.2,6,475
8.2,0.73,0.21,1.7,0.074,5,13,0.9968,3.2,0.52,9.5,5,476
8.2,0.73,0.21,1.7,0.074,5,13,0.9968,3.2,0.52,9.5,5,477
10.8,0.4,0.41,2.2,0.084,7,17,0.9984,3.08,0.67,9.3,6,478
8.6,0.8,0.11,2.3,0.084,12,31,0.9979,3.4,0.48,9.9,5,479
8.3,0.78,0.1,2.6,0.081,45,87,0.9983,3.48,0.53,10,5,480
10.8,0.26,0.45,3.3,0.06,20,49,0.9972,3.13,0.54,9.6,5,481
8,0.45,0.23,2.2,0.094,16,29,0.9962,3.21,0.49,10.2,6,482
8.5,0.46,0.31,2.25,0.078,32,58,0.998,3.33,0.54,9.8,5,483
8.1,0.78,0.23,2.6,0.059,5,15,0.997,3.37,0.56,11.3,5,484
9.8,0.98,0.32,2.3,0.078,35,152,0.998,3.25,0.48,9.4,5,485
8.1,0.78,0.23,2.6,0.059,5,15,0.997,3.37,0.56,11.3,5,486
7.7,0.66,0.04,1.6,0.039,4,9,0.9962,3.4,0.47,9.4,5,487
8.1,0.38,0.48,1.8,0.157,5,17,0.9976,3.3,1.05,9.4,5,488
9.2,0.92,0.24,2.6,0.087,12,93,0.9998,3.48,0.54,9.8,5,489
8.6,0.49,0.51,2,0.422,16,62,0.9979,3.03,1.17,9,5,490
9,0.48,0.32,2.8,0.084,21,122,0.9984,3.32,0.62,9.4,5,491
9,0.47,0.31,2.7,0.084,24,125,0.9984,3.31,0.61,9.4,5,492
5.1,0.47,0.02,1.3,0.034,18,44,0.9921,3.9,0.62,12.8,6,493
7,0.65,0.02,2.1,0.066,8,25,0.9972,3.47,0.67,9.5,6,494
9.4,0.615,0.28,3.2,0.087,18,72,1.0001,3.31,0.53,9.7,5,495
11.8,0.38,0.55,2.1,0.071,5,19,0.9986,3.11,0.62,10.8,6,496
10.6,1.02,0.43,2.9,0.076,26,88,0.9984,3.08,0.57,10.1,6,497
7,0.65,0.02,2.1,0.066,8,25,0.9972,3.47,0.67,9.5,6,498
7,0.64,0.02,2.1,0.067,9,23,0.997,3.47,0.67,9.4,6,499
7.5,0.38,0.48,2.6,0.073,22,84,0.9972,3.32,0.7,9.6,4,500
9.1,0.765,0.04,1.6,0.078,4,14,0.998,3.29,0.54,9.7,4,501
8.4,1.035,0.15,6,0.073,11,54,0.999,3.37,0.49,9.9,5,502
7,0.78,0.08,2,0.093,10,19,0.9956,3.4,0.47,10,5,503
7.4,0.49,0.19,3,0.077,16,37,0.9966,3.37,0.51,10.5,5,504
7.8,0.545,0.12,2.5,0.068,11,35,0.996,3.34,0.61,11.6,6,505
10.6,1.025,0.43,2.8,0.08,21,84,0.9985,3.06,0.57,10.1,5,506
8.9,0.565,0.34,3,0.093,16,112,0.9998,3.38,0.61,9.5,5,507
9.9,0.74,0.28,2.6,0.078,21,77,0.998,3.28,0.51,9.8,5,508
7.6,0.46,0.11,2.6,0.079,12,49,0.9968,3.21,0.57,10,5,509
8.4,0.56,0.04,2,0.082,10,22,0.9976,3.22,0.44,9.6,5,510
7.1,0.66,0,3.9,0.086,17,45,0.9976,3.46,0.54,9.5,5,511
8.4,0.56,0.04,2,0.082,10,22,0.9976,3.22,0.44,9.6,5,512
8.9,0.48,0.24,2.85,0.094,35,106,0.9982,3.1,0.53,9.2,5,513
7.1,0.31,0.3,2.2,0.053,36,127,0.9965,2.94,1.62,9.5,5,514
9,0.66,0.17,3,0.077,5,13,0.9976,3.29,0.55,10.4,5,515
8.1,0.72,0.09,2.8,0.084,18,49,0.9994,3.43,0.72,11.1,6,516
6.4,0.57,0.02,1.8,0.067,4,11,0.997,3.46,0.68,9.5,5,517
6.4,0.57,0.02,1.8,0.067,4,11,0.997,3.46,0.68,9.5,5,518
6.4,0.865,0.03,3.2,0.071,27,58,0.995,3.61,0.49,12.7,6,519
9.5,0.55,0.66,2.3,0.387,12,37,0.9982,3.17,0.67,9.6,5,520
8.9,0.875,0.13,3.45,0.088,4,14,0.9994,3.44,0.52,11.5,5,521
7.3,0.835,0.03,2.1,0.092,10,19,0.9966,3.39,0.47,9.6,5,522
7,0.45,0.34,2.7,0.082,16,72,0.998,3.55,0.6,9.5,5,523
7.7,0.56,0.2,2,0.075,9,39,0.9987,3.48,0.62,9.3,5,524
7.7,0.965,0.1,2.1,0.112,11,22,0.9963,3.26,0.5,9.5,5,525
8.2,0.59,0,2.5,0.093,19,58,1.0002,3.5,0.65,9.3,6,526
9,0.69,0,2.4,0.088,19,38,0.999,3.35,0.6,9.3,5,527
8.3,0.76,0.29,4.2,0.075,12,16,0.9965,3.45,0.68,11.5,6,528
9.2,0.53,0.24,2.6,0.078,28,139,0.99788,3.21,0.57,9.5,5,529
11.1,0.39,0.54,2.7,0.095,21,101,1.0001,3.13,0.51,9.5,5,530
7.3,0.51,0.18,2.1,0.07,12,28,0.99768,3.52,0.73,9.5,6,531
8.2,0.34,0.38,2.5,0.08,12,57,0.9978,3.3,0.47,9,6,532
7.2,0.5,0.18,2.1,0.071,12,31,0.99761,3.52,0.72,9.6,6,533
7.3,0.51,0.18,2.1,0.07,12,28,0.99768,3.52,0.73,9.5,6,534
8.3,0.65,0.1,2.9,0.089,17,40,0.99803,3.29,0.55,9.5,5,535
7.6,0.54,0.13,2.5,0.097,24,66,0.99785,3.39,0.61,9.4,5,536
8.3,0.65,0.1,2.9,0.089,17,40,0.99803,3.29,0.55,9.5,5,537
7.8,0.48,0.68,1.7,0.415,14,32,0.99656,3.09,1.06,9.1,6,538
7.8,0.91,0.07,1.9,0.058,22,47,0.99525,3.51,0.43,10.7,6,539
6.3,0.98,0.01,2,0.057,15,33,0.99488,3.6,0.46,11.2,6,540
8.1,0.87,0,2.2,0.084,10,31,0.99656,3.25,0.5,9.8,5,541
8.1,0.87,0,2.2,0.084,10,31,0.99656,3.25,0.5,9.8,5,542
8.8,0.42,0.21,2.5,0.092,33,88,0.99823,3.19,0.52,9.2,5,543
9,0.58,0.25,2.8,0.075,9,104,0.99779,3.23,0.57,9.7,5,544
9.3,0.655,0.26,2,0.096,5,35,0.99738,3.25,0.42,9.6,5,545
8.8,0.7,0,1.7,0.069,8,19,0.99701,3.31,0.53,10,6,546
9.1,0.68,0.11,2.8,0.093,11,44,0.99888,3.31,0.55,9.5,6,547
9.2,0.67,0.1,3,0.091,12,48,0.99888,3.31,0.54,9.5,6,548
8.8,0.59,0.18,2.9,0.089,12,74,0.99738,3.14,0.54,9.4,5,549
7.1,0.59,0.02,2.3,0.082,24,94,0.99744,3.55,0.53,9.7,6,550
7.9,0.72,0.01,1.9,0.076,7,32,0.99668,3.39,0.54,9.6,5,551
7.1,0.59,0.02,2.3,0.082,24,94,0.99744,3.55,0.53,9.7,6,552
9.4,0.685,0.26,2.4,0.082,23,143,0.9978,3.28,0.55,9.4,5,553
9.5,0.57,0.27,2.3,0.082,23,144,0.99782,3.27,0.55,9.4,5,554
7.9,0.4,0.29,1.8,0.157,1,44,0.9973,3.3,0.92,9.5,6,555
7.2,1,0,3,0.102,7,16,0.99586,3.43,0.46,10,5,556
6.9,0.635,0.17,2.4,0.241,6,18,0.9961,3.4,0.59,10.3,6,557
8.3,0.43,0.3,3.4,0.079,7,34,0.99788,3.36,0.61,10.5,5,558
7.1,0.52,0.03,2.6,0.076,21,92,0.99745,3.5,0.6,9.8,5,559
7,0.57,0,2,0.19,12,45,0.99676,3.31,0.6,9.4,6,560
6.5,0.46,0.14,2.4,0.114,9,37,0.99732,3.66,0.65,9.8,5,561
7.1,0.59,0.01,2.5,0.077,20,85,0.99746,3.55,0.59,9.8,5,562
9.9,0.35,0.41,2.3,0.083,11,61,0.9982,3.21,0.5,9.5,5,563
10,0.56,0.24,2.2,0.079,19,58,0.9991,3.18,0.56,10.1,6,564
10,0.56,0.24,2.2,0.079,19,58,0.9991,3.18,0.56,10.1,6,565
8.6,0.63,0.17,2.9,0.099,21,119,0.998,3.09,0.52,9.3,5,566
7.4,0.37,0.43,2.6,0.082,18,82,0.99708,3.33,0.68,9.7,6,567
8.8,0.64,0.17,2.9,0.084,25,130,0.99818,3.23,0.54,9.6,5,568
7.1,0.61,0.02,2.5,0.081,17,87,0.99745,3.48,0.6,9.7,6,569
7.7,0.6,0,2.6,0.055,7,13,0.99639,3.38,0.56,10.8,5,570
10.1,0.27,0.54,2.3,0.065,7,26,0.99531,3.17,0.53,12.5,6,571
10.8,0.89,0.3,2.6,0.132,7,60,0.99786,2.99,1.18,10.2,5,572
8.7,0.46,0.31,2.5,0.126,24,64,0.99746,3.1,0.74,9.6,5,573
9.3,0.37,0.44,1.6,0.038,21,42,0.99526,3.24,0.81,10.8,7,574
9.4,0.5,0.34,3.6,0.082,5,14,0.9987,3.29,0.52,10.7,6,575
8.6,0.55,0.09,3.3,0.068,8,17,0.99735,3.23,0.44,10,5,576
5.1,0.585,0,1.7,0.044,14,86,0.99264,3.56,0.94,12.9,7,577
7.7,0.56,0.08,2.5,0.114,14,46,0.9971,3.24,0.66,9.6,6,578
8.4,0.52,0.22,2.7,0.084,4,18,0.99682,3.26,0.57,9.9,6,579
8.4,0.25,0.39,2,0.041,4,10,0.99386,3.27,0.71,12.5,7,580
7.4,0.53,0.12,1.9,0.165,4,12,0.99702,3.26,0.86,9.2,5,581
7.6,0.48,0.31,2.8,0.07,4,15,0.99693,3.22,0.55,10.3,6,582
7.3,0.49,0.1,2.6,0.068,4,14,0.99562,3.3,0.47,10.5,5,583
12.9,0.5,0.55,2.8,0.072,7,24,1.00012,3.09,0.68,10.9,6,584
6.9,0.39,0.24,2.1,0.102,4,7,0.99462,3.44,0.58,11.4,4,585
12.6,0.41,0.54,2.8,0.103,19,41,0.99939,3.21,0.76,11.3,6,586
9.1,0.66,0.15,3.2,0.097,9,59,0.99976,3.28,0.54,9.6,5,587
7,0.685,0,1.9,0.099,9,22,0.99606,3.34,0.6,9.7,5,588
4.9,0.42,0,2.1,0.048,16,42,0.99154,3.71,0.74,14,7,589
6.7,0.54,0.13,2,0.076,15,36,0.9973,3.61,0.64,9.8,5,590
7.1,0.48,0.28,2.8,0.068,6,16,0.99682,3.24,0.53,10.3,5,591
7.5,0.27,0.34,2.3,0.05,4,8,0.9951,3.4,0.64,11,7,592
7.1,0.46,0.14,2.8,0.076,15,37,0.99624,3.36,0.49,10.7,5,593
7.5,0.685,0.07,2.5,0.058,5,9,0.99632,3.38,0.55,10.9,4,594
5.9,0.61,0.08,2.1,0.071,16,24,0.99376,3.56,0.77,11.1,6,595
11.6,0.47,0.44,1.6,0.147,36,51,0.99836,3.38,0.86,9.9,4,596
6.7,0.28,0.28,2.4,0.012,36,100,0.99064,3.26,0.39,11.7,7,597
6.7,0.28,0.28,2.4,0.012,36,100,0.99064,3.26,0.39,11.7,7,598
10.1,0.31,0.35,1.6,0.075,9,28,0.99672,3.24,0.83,11.2,7,599
6.6,0.66,0,3,0.115,21,31,0.99629,3.45,0.63,10.3,5,600
10.6,0.5,0.45,2.6,0.119,34,68,0.99708,3.23,0.72,10.9,6,601
7.1,0.685,0.35,2,0.088,9,92,0.9963,3.28,0.62,9.4,5,602
6.4,0.64,0.21,1.8,0.081,14,31,0.99689,3.59,0.66,9.8,5,603
7.4,0.68,0.16,1.8,0.078,12,39,0.9977,3.5,0.7,9.9,6,604
6.4,0.64,0.21,1.8,0.081,14,31,0.99689,3.59,0.66,9.8,5,605
9.3,0.43,0.44,1.9,0.085,9,22,0.99708,3.28,0.55,9.5,5,606
9.3,0.43,0.44,1.9,0.085,9,22,0.99708,3.28,0.55,9.5,5,607
9.3,0.36,0.39,1.5,0.08,41,55,0.99652,3.47,0.73,10.9,6,608
9.3,0.36,0.39,1.5,0.08,41,55,0.99652,3.47,0.73,10.9,6,609
9.3,0.36,0.39,1.5,0.08,41,55,0.99652,3.47,0.73,10.9,6,610
8.2,0.26,0.34,2.5,0.073,16,47,0.99594,3.4,0.78,11.3,7,611
11.7,0.28,0.47,1.7,0.054,17,32,0.99686,3.15,0.67,10.6,7,612
7.2,0.62,0.06,2.7,0.077,15,85,0.99746,3.51,0.54,9.5,5,613
7.5,0.42,0.32,2.7,0.067,7,25,0.99628,3.24,0.44,10.4,5,614
7.2,0.62,0.06,2.5,0.078,17,84,0.99746,3.51,0.53,9.7,5,615
7.2,0.635,0.07,2.6,0.077,16,86,0.99748,3.51,0.54,9.7,5,616
6.9,0.56,0.03,1.5,0.086,36,46,0.99522,3.53,0.57,10.6,5,617
7.3,0.35,0.24,2,0.067,28,48,0.99576,3.43,0.54,10,4,618
8.8,0.31,0.4,2.8,0.109,7,16,0.99614,3.31,0.79,11.8,7,619
7.7,0.715,0.01,2.1,0.064,31,43,0.99371,3.41,0.57,11.8,6,620
7.6,0.715,0,2.1,0.068,30,35,0.99533,3.48,0.65,11.4,6,621
8.4,0.31,0.29,3.1,0.194,14,26,0.99536,3.22,0.78,12,6,622
8.8,0.61,0.19,4,0.094,30,69,0.99787,3.22,0.5,10,6,623
8.9,0.75,0.14,2.5,0.086,9,30,0.99824,3.34,0.64,10.5,5,624
9,0.8,0.12,2.4,0.083,8,28,0.99836,3.33,0.65,10.4,6,625
6.8,0.57,0,2.5,0.072,32,64,0.99491,3.43,0.56,11.2,6,626
10.7,0.9,0.34,6.6,0.112,23,99,1.00289,3.22,0.68,9.3,5,627
7.2,0.66,0.03,2.3,0.078,16,86,0.99743,3.53,0.57,9.7,5,628
10.1,0.45,0.23,1.9,0.082,10,18,0.99774,3.22,0.65,9.3,6,629
7.2,0.66,0.03,2.3,0.078,16,86,0.99743,3.53,0.57,9.7,5,630
7.2,0.63,0.03,2.2,0.08,17,88,0.99745,3.53,0.58,9.8,6,631
7.1,0.59,0.01,2.3,0.08,27,43,0.9955,3.42,0.58,10.7,6,632
8.3,0.31,0.39,2.4,0.078,17,43,0.99444,3.31,0.77,12.5,7,633
7.1,0.59,0.01,2.3,0.08,27,43,0.9955,3.42,0.58,10.7,6,634
8.3,0.31,0.39,2.4,0.078,17,43,0.99444,3.31,0.77,12.5,7,635
8.9,0.31,0.36,2.6,0.056,10,39,0.99562,3.4,0.69,11.8,5,636
7.4,0.635,0.1,2.4,0.08,16,33,0.99736,3.58,0.69,10.8,7,637
7.4,0.635,0.1,2.4,0.08,16,33,0.99736,3.58,0.69,10.8,7,638
6.8,0.59,0.06,6,0.06,11,18,0.9962,3.41,0.59,10.8,7,639
7.2,0.54,0.27,2.6,0.084,12,78,0.9964,3.39,0.71,11,5,640
6.1,0.56,0,2.2,0.079,6,9,0.9948,3.59,0.54,11.5,6,641
7.4,0.52,0.13,2.4,0.078,34,61,0.99528,3.43,0.59,10.8,6,642
9.3,0.38,0.48,3.8,0.132,3,11,0.99577,3.23,0.57,13.2,6,643
9.1,0.28,0.46,9,0.114,3,9,0.99901,3.18,0.6,10.9,6,644
10,0.46,0.44,2.9,0.065,4,8,0.99674,3.33,0.62,12.2,6,645
8.6,0.315,0.4,2.2,0.079,3,6,0.99512,3.27,0.67,11.9,6,646
5.3,0.715,0.19,1.5,0.161,7,62,0.99395,3.62,0.61,11,5,647
6.8,0.41,0.31,8.8,0.084,26,45,0.99824,3.38,0.64,10.1,6,648
8.4,0.36,0.32,2.2,0.081,32,79,0.9964,3.3,0.72,11,6,649
8.4,0.62,0.12,1.8,0.072,38,46,0.99504,3.38,0.89,11.8,6,650
9.6,0.41,0.37,2.3,0.091,10,23,0.99786,3.24,0.56,10.5,5,651
8.4,0.62,0.12,1.8,0.072,38,46,0.99504,3.38,0.89,11.8,6,652
8.6,0.47,0.27,2.3,0.055,14,28,0.99516,3.18,0.8,11.2,5,653
8.6,0.22,0.36,1.9,0.064,53,77,0.99604,3.47,0.87,11,7,654
9.4,0.24,0.33,2.3,0.061,52,73,0.99786,3.47,0.9,10.2,6,655
8.4,0.67,0.19,2.2,0.093,11,75,0.99736,3.2,0.59,9.2,4,656
8.6,0.47,0.27,2.3,0.055,14,28,0.99516,3.18,0.8,11.2,5,657
8.7,0.33,0.38,3.3,0.063,10,19,0.99468,3.3,0.73,12,7,658
7.4,0.61,0.01,2,0.074,13,38,0.99748,3.48,0.65,9.8,5,659
7.6,0.4,0.29,1.9,0.078,29,66,0.9971,3.45,0.59,9.5,6,660
6.6,0.61,0.01,1.9,0.08,8,25,0.99746,3.69,0.73,10.5,5,661
8.8,0.3,0.38,2.3,0.06,19,72,0.99543,3.39,0.72,11.8,6,662
6.2,0.46,0.17,1.6,0.073,7,11,0.99425,3.61,0.54,11.4,5,663
9.9,0.27,0.49,5,0.082,9,17,0.99484,3.19,0.52,12.5,7,664
10.1,0.43,0.4,2.6,0.092,13,52,0.99834,3.22,0.64,10,7,665
8.3,0.3,0.49,3.8,0.09,11,24,0.99498,3.27,0.64,12.1,7,666
10.2,0.44,0.58,4.1,0.092,11,24,0.99745,3.29,0.99,12,7,667
8.3,0.28,0.48,2.1,0.093,6,12,0.99408,3.26,0.62,12.4,7,668
8.9,0.12,0.45,1.8,0.075,10,21,0.99552,3.41,0.76,11.9,7,669
8.9,0.12,0.45,1.8,0.075,10,21,0.99552,3.41,0.76,11.9,7,670
8.3,0.28,0.48,2.1,0.093,6,12,0.99408,3.26,0.62,12.4,7,671
8.2,0.31,0.4,2.2,0.058,6,10,0.99536,3.31,0.68,11.2,7,672
10.2,0.34,0.48,2.1,0.052,5,9,0.99458,3.2,0.69,12.1,7,673
8.5,0.21,0.52,1.9,0.09,9,23,0.99648,3.36,0.67,10.4,5,674
9,0.36,0.52,2.1,0.111,5,10,0.99568,3.31,0.62,11.3,6,675
6.4,0.57,0.12,2.3,0.12,25,36,0.99519,3.47,0.71,11.3,7,676
8.5,0.47,0.27,1.9,0.058,18,38,0.99518,3.16,0.85,11.1,6,677
7.1,0.56,0.14,1.6,0.078,7,18,0.99592,3.27,0.62,9.3,5,678
6.6,0.57,0.02,2.1,0.115,6,16,0.99654,3.38,0.69,9.5,5,679
8.5,0.47,0.27,1.9,0.058,18,38,0.99518,3.16,0.85,11.1,6,680
8.5,0.66,0.2,2.1,0.097,23,113,0.99733,3.13,0.48,9.2,5,681
9,0.4,0.43,2.4,0.068,29,46,0.9943,3.2,0.6,12.2,6,682
10.4,0.26,0.48,1.9,0.066,6,10,0.99724,3.33,0.87,10.9,6,683
8.8,0.33,0.41,5.9,0.073,7,13,0.99658,3.3,0.62,12.1,7,684
7.2,0.41,0.3,2.1,0.083,35,72,0.997,3.44,0.52,9.4,5,685
8.4,0.59,0.29,2.6,0.109,31,119,0.99801,3.15,0.5,9.1,5,686
7,0.4,0.32,3.6,0.061,9,29,0.99416,3.28,0.49,11.3,7,687
9.1,0.5,0.3,1.9,0.065,8,17,0.99774,3.32,0.71,10.5,6,688
9.5,0.86,0.26,1.9,0.079,13,28,0.99712,3.25,0.62,10,5,689
7.3,0.52,0.32,2.1,0.07,51,70,0.99418,3.34,0.82,12.9,6,690
9.1,0.5,0.3,1.9,0.065,8,17,0.99774,3.32,0.71,10.5,6,691
7.4,0.58,0,2,0.064,7,11,0.99562,3.45,0.58,11.3,6,692
7.1,0.36,0.3,1.6,0.08,35,70,0.99693,3.44,0.5,9.4,5,693
7.7,0.39,0.12,1.7,0.097,19,27,0.99596,3.16,0.49,9.4,5,694
9.7,0.295,0.4,1.5,0.073,14,21,0.99556,3.14,0.51,10.9,6,695
7.7,0.39,0.12,1.7,0.097,19,27,0.99596,3.16,0.49,9.4,5,696
7.1,0.34,0.28,2,0.082,31,68,0.99694,3.45,0.48,9.4,5,697
7.1,0.34,0.28,2,0.082,31,68,0.99694,3.45,0.48,9.4,5,698
7.7,0.6,0.06,2,0.079,19,41,0.99697,3.39,0.62,10.1,6,699
8.9,0.84,0.34,1.4,0.05,4,10,0.99554,3.12,0.48,9.1,6,700
6.4,0.69,0,1.65,0.055,7,12,0.99162,3.47,0.53,12.9,6,701
7.5,0.43,0.3,2.2,0.062,6,12,0.99495,3.44,0.72,11.5,7,702
8.2,0.43,0.29,1.6,0.081,27,45,0.99603,3.25,0.54,10.3,5,703
6.8,0.36,0.32,1.8,0.067,4,8,0.9928,3.36,0.55,12.8,7,704
9.1,0.29,0.33,2.05,0.063,13,27,0.99516,3.26,0.84,11.7,7,705
9.1,0.3,0.34,2,0.064,12,25,0.99516,3.26,0.84,11.7,7,706
8.9,0.35,0.4,3.6,0.11,12,24,0.99549,3.23,0.7,12,7,707
8.9,0.28,0.45,1.7,0.067,7,12,0.99354,3.25,0.55,12.3,7,708
8.9,0.32,0.31,2,0.088,12,19,0.9957,3.17,0.55,10.4,6,709
7.7,1.005,0.15,2.1,0.102,11,32,0.99604,3.23,0.48,10,5,710
7.5,0.71,0,1.6,0.092,22,31,0.99635,3.38,0.58,10,6,711
8,0.58,0.16,2,0.12,3,7,0.99454,3.22,0.58,11.2,6,712
8.9,0.38,0.4,2.2,0.068,12,28,0.99486,3.27,0.75,12.6,7,713
8,0.18,0.37,0.9,0.049,36,109,0.99007,2.89,0.44,12.7,6,714
7,0.5,0.14,1.8,0.078,10,23,0.99636,3.53,0.61,10.4,5,715
11.3,0.36,0.66,2.4,0.123,3,8,0.99642,3.2,0.53,11.9,6,716
11.3,0.36,0.66,2.4,0.123,3,8,0.99642,3.2,0.53,11.9,6,717
7,0.51,0.09,2.1,0.062,4,9,0.99584,3.35,0.54,10.5,5,718
8.2,0.32,0.42,2.3,0.098,3,9,0.99506,3.27,0.55,12.3,6,719
7.7,0.58,0.01,1.8,0.088,12,18,0.99568,3.32,0.56,10.5,7,720
8.6,0.83,0,2.8,0.095,17,43,0.99822,3.33,0.6,10.4,6,721
7.9,0.31,0.32,1.9,0.066,14,36,0.99364,3.41,0.56,12.6,6,722
6.4,0.795,0,2.2,0.065,28,52,0.99378,3.49,0.52,11.6,5,723
7.7,0.58,0.01,1.8,0.088,12,18,0.99568,3.32,0.56,10.5,7,724
8.1,0.82,0,4.1,0.095,5,14,0.99854,3.36,0.53,9.6,5,725
8.9,0.745,0.18,2.5,0.077,15,48,0.99739,3.2,0.47,9.7,6,726
10.1,0.37,0.34,2.4,0.085,5,17,0.99683,3.17,0.65,10.6,7,727
7.6,0.31,0.34,2.5,0.082,26,35,0.99356,3.22,0.59,12.5,7,728
8.7,0.41,0.41,6.2,0.078,25,42,0.9953,3.24,0.77,12.6,7,729
8.9,0.5,0.21,2.2,0.088,21,39,0.99692,3.33,0.83,11.1,6,730
6.9,0.49,0.19,1.7,0.079,13,26,0.99547,3.38,0.64,9.8,6,731
6.4,0.39,0.33,3.3,0.046,12,53,0.99294,3.36,0.62,12.2,6,732
6.9,0.44,0,1.4,0.07,32,38,0.99438,3.32,0.58,11.4,6,733
7.6,0.78,0,1.7,0.076,33,45,0.99612,3.31,0.62,10.7,6,734
7.1,0.43,0.17,1.8,0.082,27,51,0.99634,3.49,0.64,10.4,5,735
9.3,0.49,0.36,1.7,0.081,3,14,0.99702,3.27,0.78,10.9,6,736
9.3,0.5,0.36,1.8,0.084,6,17,0.99704,3.27,0.77,10.8,6,737
8.5,0.46,0.59,1.4,0.414,16,45,0.99702,3.03,1.34,9.2,5,738
5.6,0.605,0.05,2.4,0.073,19,25,0.99258,3.56,0.55,12.9,5,739
8.3,0.33,0.42,2.3,0.07,9,20,0.99426,3.38,0.77,12.7,7,740
8.2,0.64,0.27,2,0.095,5,77,0.99747,3.13,0.62,9.1,6,741
8.9,0.48,0.53,4,0.101,3,10,0.99586,3.21,0.59,12.1,7,742
7.6,0.42,0.25,3.9,0.104,28,90,0.99784,3.15,0.57,9.1,5,743
9.9,0.53,0.57,2.4,0.093,30,52,0.9971,3.19,0.76,11.6,7,744
8.9,0.48,0.53,4,0.101,3,10,0.99586,3.21,0.59,12.1,7,745
11.6,0.23,0.57,1.8,0.074,3,8,0.9981,3.14,0.7,9.9,6,746
9.1,0.4,0.5,1.8,0.071,7,16,0.99462,3.21,0.69,12.5,8,747
8,0.38,0.44,1.9,0.098,6,15,0.9956,3.3,0.64,11.4,6,748
10.2,0.29,0.65,2.4,0.075,6,17,0.99565,3.22,0.63,11.8,6,749
8.2,0.74,0.09,2,0.067,5,10,0.99418,3.28,0.57,11.8,6,750
7.7,0.61,0.18,2.4,0.083,6,20,0.9963,3.29,0.6,10.2,6,751
6.6,0.52,0.08,2.4,0.07,13,26,0.99358,3.4,0.72,12.5,7,752
11.1,0.31,0.53,2.2,0.06,3,10,0.99572,3.02,0.83,10.9,7,753
8,0.62,0.35,2.8,0.086,28,52,0.997,3.31,0.62,10.8,5,754
9.3,0.33,0.45,1.5,0.057,19,37,0.99498,3.18,0.89,11.1,7,755
7.5,0.77,0.2,8.1,0.098,30,92,0.99892,3.2,0.58,9.2,5,756
8,0.62,0.33,2.7,0.088,16,37,0.9972,3.31,0.58,10.7,6,757
9.9,0.32,0.56,2,0.073,3,8,0.99534,3.15,0.73,11.4,6,758
8.6,0.37,0.65,6.4,0.08,3,8,0.99817,3.27,0.58,11,5,759
7.9,0.3,0.68,8.3,0.05,37.5,278,0.99316,3.01,0.51,12.3,7,760
7.9,0.3,0.68,8.3,0.05,37.5,289,0.99316,3.01,0.51,12.3,7,761
7.2,0.38,0.3,1.8,0.073,31,70,0.99685,3.42,0.59,9.5,6,762
8.7,0.42,0.45,2.4,0.072,32,59,0.99617,3.33,0.77,12,6,763
6.8,0.48,0.08,1.8,0.074,40,64,0.99529,3.12,0.49,9.6,5,764
8.5,0.34,0.4,4.7,0.055,3,9,0.99738,3.38,0.66,11.6,7,765
7.9,0.19,0.42,1.6,0.057,18,30,0.994,3.29,0.69,11.2,6,766
11.6,0.41,0.54,1.5,0.095,22,41,0.99735,3.02,0.76,9.9,7,767
11.6,0.41,0.54,1.5,0.095,22,41,0.99735,3.02,0.76,9.9,7,768
10,0.26,0.54,1.9,0.083,42,74,0.99451,2.98,0.63,11.8,8,769
7.9,0.34,0.42,2,0.086,8,19,0.99546,3.35,0.6,11.4,6,770
7,0.54,0.09,2,0.081,10,16,0.99479,3.43,0.59,11.5,6,771
9.2,0.31,0.36,2.2,0.079,11,31,0.99615,3.33,0.86,12,7,772
6.6,0.725,0.09,5.5,0.117,9,17,0.99655,3.35,0.49,10.8,6,773
6.6,0.725,0.09,5.5,0.117,9,17,0.99655,3.35,0.49,10.8,6,774
8.6,0.52,0.38,1.5,0.096,5,18,0.99666,3.2,0.52,9.4,5,775
8.4,0.34,0.42,2.1,0.072,23,36,0.99392,3.11,0.78,12.4,6,776
7.4,0.49,0.27,2.1,0.071,14,25,0.99388,3.35,0.63,12,6,777
7.4,0.49,0.27,2.1,0.071,14,25,0.99388,3.35,0.63,12,6,778
8,0.48,0.34,2.2,0.073,16,25,0.9936,3.28,0.66,12.4,6,779
6.3,0.57,0.28,2.1,0.048,13,49,0.99374,3.41,0.6,12.8,5,780
9.1,0.3,0.41,2,0.068,10,24,0.99523,3.27,0.85,11.7,7,781
8.1,0.78,0.1,3.3,0.09,4,13,0.99855,3.36,0.49,9.5,5,782
10.8,0.47,0.43,2.1,0.171,27,66,0.9982,3.17,0.76,10.8,6,783
8.3,0.53,0,1.4,0.07,6,14,0.99593,3.25,0.64,10,6,784
5.4,0.42,0.27,2,0.092,23,55,0.99471,3.78,0.64,12.3,7,785
7.9,0.33,0.41,1.5,0.056,6,35,0.99396,3.29,0.71,11,6,786
5,0.4,0.5,4.3,0.046,29,80,0.9902,3.49,0.66,13.6,6,787
7,0.69,0.07,2.5,0.091,15,21,0.99572,3.38,0.6,11.3,6,788
7,0.69,0.07,2.5,0.091,15,21,0.99572,3.38,0.6,11.3,6,789
7,0.69,0.07,2.5,0.091,15,21,0.99572,3.38,0.6,11.3,6,790
7.1,0.39,0.12,2.1,0.065,14,24,0.99252,3.3,0.53,13.3,6,791
5.6,0.66,0,2.5,0.066,7,15,0.99256,3.52,0.58,12.9,5,792
7.9,0.54,0.34,2.5,0.076,8,17,0.99235,3.2,0.72,13.1,8,793
6.3,0.47,0,1.4,0.055,27,33,0.9922,3.45,0.48,12.3,6,794
8.8,0.24,0.35,1.7,0.055,13,27,0.99394,3.14,0.59,11.3,7,795
6.3,0.76,0,2.9,0.072,26,52,0.99379,3.51,0.6,11.5,6,796
10,0.43,0.33,2.7,0.095,28,89,0.9984,3.22,0.68,10,5,797
9.1,0.6,0,1.9,0.058,5,10,0.9977,3.18,0.63,10.4,6,798
7.4,0.36,0.34,1.8,0.075,18,38,0.9933,3.38,0.88,13.6,7,799
7.2,0.48,0.07,5.5,0.089,10,18,0.99684,3.37,0.68,11.2,7,800
8.5,0.28,0.35,1.7,0.061,6,15,0.99524,3.3,0.74,11.8,7,801
8,0.25,0.43,1.7,0.067,22,50,0.9946,3.38,0.6,11.9,6,802
10.4,0.52,0.45,2,0.08,6,13,0.99774,3.22,0.76,11.4,6,803
7.5,0.41,0.15,3.7,0.104,29,94,0.99786,3.14,0.58,9.1,5,804
8.2,0.51,0.24,2,0.079,16,86,0.99764,3.34,0.64,9.5,6,805
7.3,0.4,0.3,1.7,0.08,33,79,0.9969,3.41,0.65,9.5,6,806
8.2,0.38,0.32,2.5,0.08,24,71,0.99624,3.27,0.85,11,6,807
6.9,0.45,0.11,2.4,0.043,6,12,0.99354,3.3,0.65,11.4,6,808
7,0.22,0.3,1.8,0.065,16,20,0.99672,3.61,0.82,10,6,809
7.3,0.32,0.23,2.3,0.066,35,70,0.99588,3.43,0.62,10.1,5,810
8.2,0.2,0.43,2.5,0.076,31,51,0.99672,3.53,0.81,10.4,6,811
7.8,0.5,0.12,1.8,0.178,6,21,0.996,3.28,0.87,9.8,6,812
10,0.41,0.45,6.2,0.071,6,14,0.99702,3.21,0.49,11.8,7,813
7.8,0.39,0.42,2,0.086,9,21,0.99526,3.39,0.66,11.6,6,814
10,0.35,0.47,2,0.061,6,11,0.99585,3.23,0.52,12,6,815
6.1,0.58,0.23,2.5,0.044,16,70,0.99352,3.46,0.65,12.5,6,816
8.3,0.6,0.25,2.2,0.118,9,38,0.99616,3.15,0.53,9.8,5,817
9.6,0.42,0.35,2.1,0.083,17,38,0.99622,3.23,0.66,11.1,6,818
8.3,0.6,0.25,2.2,0.118,9,38,0.99616,3.15,0.53,9.8,5,819
8.5,0.18,0.51,1.75,0.071,45,88,0.99524,3.33,0.76,11.8,7,820
5.1,0.51,0.18,2.1,0.042,16,101,0.9924,3.46,0.87,12.9,7,821
8.5,0.32,0.42,2.3,0.075,12,19,0.99434,3.14,0.71,11.8,7,822
9,0.785,0.24,1.7,0.078,10,21,0.99692,3.29,0.67,10,5,823
8.2,0.33,0.39,2.5,0.074,29,48,0.99528,3.32,0.88,12.4,7,824
6.5,0.34,0.27,2.8,0.067,8,44,0.99384,3.21,0.56,12,6,825
7.6,0.5,0.29,2.3,0.086,5,14,0.99502,3.32,0.62,11.5,6,826
9.2,0.36,0.34,1.6,0.062,5,12,0.99667,3.2,0.67,10.5,6,827
9.7,0.42,0.46,2.1,0.074,5,16,0.99649,3.27,0.74,12.3,6,828
7.6,0.36,0.31,1.7,0.079,26,65,0.99716,3.46,0.62,9.5,6,829
7.6,0.36,0.31,1.7,0.079,26,65,0.99716,3.46,0.62,9.5,6,830
6.5,0.61,0,2.2,0.095,48,59,0.99541,3.61,0.7,11.5,6,831
6.5,0.88,0.03,5.6,0.079,23,47,0.99572,3.58,0.5,11.2,4,832
5.6,0.915,0,2.1,0.041,17,78,0.99346,3.68,0.73,11.4,5,833
8.2,0.35,0.33,2.4,0.076,11,47,0.99599,3.27,0.81,11,6,834
9.8,0.39,0.43,1.65,0.068,5,11,0.99478,3.19,0.46,11.4,5,835
6.8,0.66,0.07,1.6,0.07,16,61,0.99572,3.29,0.6,9.3,5,836
6.7,0.64,0.23,2.1,0.08,11,119,0.99538,3.36,0.7,10.9,5,837
6.7,0.64,0.23,2.1,0.08,11,119,0.99538,3.36,0.7,10.9,5,838
8.8,0.955,0.05,1.8,0.075,5,19,0.99616,3.3,0.44,9.6,4,839
9.1,0.4,0.57,4.6,0.08,6,20,0.99652,3.28,0.57,12.5,6,840
6.5,0.885,0,2.3,0.166,6,12,0.99551,3.56,0.51,10.8,5,841
7.2,0.25,0.37,2.5,0.063,11,41,0.99439,3.52,0.8,12.4,7,842
7,0.745,0.12,1.8,0.114,15,64,0.99588,3.22,0.59,9.5,6,843
6.2,0.43,0.22,1.8,0.078,21,56,0.99633,3.52,0.6,9.5,6,844
7.7,0.57,0.21,1.5,0.069,4,9,0.99458,3.16,0.54,9.8,6,845
7.7,0.26,0.26,2,0.052,19,77,0.9951,3.15,0.79,10.9,6,846
7.9,0.58,0.23,2.3,0.076,23,94,0.99686,3.21,0.58,9.5,6,847
7.7,0.57,0.21,1.5,0.069,4,9,0.99458,3.16,0.54,9.8,6,848
7.9,0.34,0.36,1.9,0.065,5,10,0.99419,3.27,0.54,11.2,7,849
8.6,0.42,0.39,1.8,0.068,6,12,0.99516,3.35,0.69,11.7,8,850
9.9,0.74,0.19,5.8,0.111,33,76,0.99878,3.14,0.55,9.4,5,851
7.2,0.36,0.46,2.1,0.074,24,44,0.99534,3.4,0.85,11,7,852
7.2,0.36,0.46,2.1,0.074,24,44,0.99534,3.4,0.85,11,7,853
9.9,0.72,0.55,1.7,0.136,24,52,0.99752,3.35,0.94,10,5,854
7.2,0.36,0.46,2.1,0.074,24,44,0.99534,3.4,0.85,11,7,855
6.2,0.39,0.43,2,0.071,14,24,0.99428,3.45,0.87,11.2,7,856
6.8,0.65,0.02,2.1,0.078,8,15,0.99498,3.35,0.62,10.4,6,857
6.8,0.65,0.02,2.1,0.078,8,15,0.99498,3.35,0.62,10.4,6,858
10.2,0.33,0.46,1.9,0.081,6,9,0.99628,3.1,0.48,10.4,6,859
7.9,0.57,0.31,2,0.079,10,79,0.99677,3.29,0.69,9.5,6,860
9,0.39,0.4,1.3,0.044,25,50,0.99478,3.2,0.83,10.9,6,861
10.9,0.32,0.52,1.8,0.132,17,44,0.99734,3.28,0.77,11.5,6,862
10.9,0.32,0.52,1.8,0.132,17,44,0.99734,3.28,0.77,11.5,6,863
12.6,0.39,0.49,2.5,0.08,8,20,0.9992,3.07,0.82,10.3,6,864
9.2,0.46,0.23,2.6,0.091,18,77,0.99922,3.15,0.51,9.4,5,865
7.5,0.58,0.03,4.1,0.08,27,46,0.99592,3.02,0.47,9.2,5,866
9,0.58,0.25,2,0.104,8,21,0.99769,3.27,0.72,9.6,5,867
5.1,0.42,0,1.8,0.044,18,88,0.99157,3.68,0.73,13.6,7,868
7.6,0.43,0.29,2.1,0.075,19,66,0.99718,3.4,0.64,9.5,5,869
7.7,0.18,0.34,2.7,0.066,15,58,0.9947,3.37,0.78,11.8,6,870
7.8,0.815,0.01,2.6,0.074,48,90,0.99621,3.38,0.62,10.8,5,871
7.6,0.43,0.29,2.1,0.075,19,66,0.99718,3.4,0.64,9.5,5,872
7.1,0.75,0.01,2.2,0.059,11,18,0.99242,3.39,0.4,12.8,6,873
7.8,0.55,0,1.7,0.07,7,17,0.99659,3.26,0.64,9.4,6,874
7.1,0.75,0.01,2.2,0.059,11,18,0.99242,3.39,0.4,12.8,6,875
8.1,0.73,0,2.5,0.081,12,24,0.99798,3.38,0.46,9.6,4,876
6.5,0.67,0,4.3,0.057,11,20,0.99488,3.45,0.56,11.8,4,877
7.5,0.61,0.2,1.7,0.076,36,60,0.99494,3.1,0.4,9.3,5,878
8.3,0.56,0.22,2.4,0.082,10,86,0.9983,3.37,0.62,9.5,5,879
7.4,0.55,0.19,1.8,0.082,15,34,0.99655,3.49,0.68,10.5,5,880
7.4,0.74,0.07,1.7,0.086,15,48,0.99502,3.12,0.48,10,5,881
7.1,0.6,0.01,2.3,0.079,24,37,0.99514,3.4,0.61,10.9,6,882
7.5,0.58,0.14,2.2,0.077,27,60,0.9963,3.28,0.59,9.8,5,883
7.1,0.72,0,1.8,0.123,6,14,0.99627,3.45,0.58,9.8,5,884
7.9,0.66,0,1.4,0.096,6,13,0.99569,3.43,0.58,9.5,5,885
7.8,0.7,0.06,1.9,0.079,20,35,0.99628,3.4,0.69,10.9,5,886
7.5,0.59,0.22,1.8,0.082,43,60,0.99499,3.1,0.42,9.2,5,887
7,0.58,0.28,4.8,0.085,12,69,0.99633,3.32,0.7,11,6,888
6.8,0.64,0,2.7,0.123,15,33,0.99538,3.44,0.63,11.3,6,889
8.6,0.635,0.68,1.8,0.403,19,56,0.99632,3.02,1.15,9.3,5,890
6.3,1.02,0,2,0.083,17,24,0.99437,3.59,0.55,11.2,4,891
9.8,0.45,0.38,2.5,0.081,34,66,0.99726,3.15,0.58,9.8,5,892
8.5,0.37,0.32,1.8,0.066,26,51,0.99456,3.38,0.72,11.8,6,893
7.2,0.57,0.05,2.3,0.081,16,36,0.99564,3.38,0.6,10.3,6,894
7.2,0.57,0.05,2.3,0.081,16,36,0.99564,3.38,0.6,10.3,6,895
10.4,0.43,0.5,2.3,0.068,13,19,0.996,3.1,0.87,11.4,6,896
6.9,0.41,0.31,2,0.079,21,51,0.99668,3.47,0.55,9.5,6,897
5,0.38,0.01,1.6,0.048,26,60,0.99084,3.7,0.75,14,6,898
7.3,0.44,0.2,1.6,0.049,24,64,0.9935,3.38,0.57,11.7,6,899
5.9,0.46,0,1.9,0.077,25,44,0.99385,3.5,0.53,11.2,5,900
7.5,0.58,0.2,2,0.073,34,44,0.99494,3.1,0.43,9.3,5,901
7.8,0.58,0.13,2.1,0.102,17,36,0.9944,3.24,0.53,11.2,6,902
8,0.715,0.22,2.3,0.075,13,81,0.99688,3.24,0.54,9.5,6,903
8.5,0.4,0.4,6.3,0.05,3,10,0.99566,3.28,0.56,12,4,904
7,0.69,0,1.9,0.114,3,10,0.99636,3.35,0.6,9.7,6,905
8,0.715,0.22,2.3,0.075,13,81,0.99688,3.24,0.54,9.5,6,906
9.8,0.3,0.39,1.7,0.062,3,9,0.9948,3.14,0.57,11.5,7,907
7.1,0.46,0.2,1.9,0.077,28,54,0.9956,3.37,0.64,10.4,6,908
7.1,0.46,0.2,1.9,0.077,28,54,0.9956,3.37,0.64,10.4,6,909
7.9,0.765,0,2,0.084,9,22,0.99619,3.33,0.68,10.9,6,910
8.7,0.63,0.28,2.7,0.096,17,69,0.99734,3.26,0.63,10.2,6,911
7,0.42,0.19,2.3,0.071,18,36,0.99476,3.39,0.56,10.9,5,912
11.3,0.37,0.5,1.8,0.09,20,47,0.99734,3.15,0.57,10.5,5,913
7,0.6,0.3,4.5,0.068,20,110,0.99914,3.3,1.17,10.2,5,914
7,0.6,0.3,4.5,0.068,20,110,0.99914,3.3,1.17,10.2,5,915
7.6,0.74,0,1.9,0.1,6,12,0.99521,3.36,0.59,11,5,916
8.2,0.635,0.1,2.1,0.073,25,60,0.99638,3.29,0.75,10.9,6,917
5.9,0.395,0.13,2.4,0.056,14,28,0.99362,3.62,0.67,12.4,6,918
6.6,0.63,0,4.3,0.093,51,77.5,0.99558,3.2,0.45,9.5,5,919
7.2,0.53,0.14,2.1,0.064,15,29,0.99323,3.35,0.61,12.1,6,920
5.7,0.6,0,1.4,0.063,11,18,0.99191,3.45,0.56,12.2,6,921
7.6,1.58,0,2.1,0.137,5,9,0.99476,3.5,0.4,10.9,3,922
5.2,0.645,0,2.15,0.08,15,28,0.99444,3.78,0.61,12.5,6,923
6.7,0.86,0.07,2,0.1,20,57,0.99598,3.6,0.74,11.7,6,924
9.1,0.37,0.32,2.1,0.064,4,15,0.99576,3.3,0.8,11.2,6,925
7.6,0.79,0.21,2.3,0.087,21,68,0.9955,3.12,0.44,9.2,5,926
7.5,0.61,0.26,1.9,0.073,24,88,0.99612,3.3,0.53,9.8,5,927
9.7,0.69,0.32,2.5,0.088,22,91,0.9979,3.29,0.62,10.1,5,928
7,0.62,0.1,1.4,0.071,27,63,0.996,3.28,0.61,9.2,5,929
6.5,0.51,0.15,3,0.064,12,27,0.9929,3.33,0.59,12.8,6,930
8,1.18,0.21,1.9,0.083,14,41,0.99532,3.34,0.47,10.5,5,931
7.5,0.63,0.27,2,0.083,17,91,0.99616,3.26,0.58,9.8,6,932
5.4,0.74,0,1.2,0.041,16,46,0.99258,4.01,0.59,12.5,6,933
9.1,0.76,0.68,1.7,0.414,18,64,0.99652,2.9,1.33,9.1,6,934
5,0.74,0,1.2,0.041,16,46,0.99258,4.01,0.59,12.5,6,935
9.1,0.34,0.42,1.8,0.058,9,18,0.99392,3.18,0.55,11.4,5,936
6.7,0.46,0.24,1.7,0.077,18,34,0.9948,3.39,0.6,10.6,6,937
6.7,0.46,0.24,1.7,0.077,18,34,0.9948,3.39,0.6,10.6,6,938
6.7,0.46,0.24,1.7,0.077,18,34,0.9948,3.39,0.6,10.6,6,939
6.7,0.46,0.24,1.7,0.077,18,34,0.9948,3.39,0.6,10.6,6,940
6.5,0.52,0.11,1.8,0.073,13,38,0.9955,3.34,0.52,9.3,5,941
7.4,0.6,0.26,2.1,0.083,17,91,0.99616,3.29,0.56,9.8,6,942
7.4,0.6,0.26,2.1,0.083,17,91,0.99616,3.29,0.56,9.8,6,943
7.8,0.87,0.26,3.8,0.107,31,67,0.99668,3.26,0.46,9.2,5,944
8.4,0.39,0.1,1.7,0.075,6,25,0.99581,3.09,0.43,9.7,6,945
9.1,0.775,0.22,2.2,0.079,12,48,0.9976,3.18,0.51,9.6,5,946
7.2,0.835,0,2,0.166,4,11,0.99608,3.39,0.52,10,5,947
6.6,0.58,0.02,2.4,0.069,19,40,0.99387,3.38,0.66,12.6,6,948
6,0.5,0,1.4,0.057,15,26,0.99448,3.36,0.45,9.5,5,949
6,0.5,0,1.4,0.057,15,26,0.99448,3.36,0.45,9.5,5,950
6,0.5,0,1.4,0.057,15,26,0.99448,3.36,0.45,9.5,5,951
7.5,0.51,0.02,1.7,0.084,13,31,0.99538,3.36,0.54,10.5,6,952
7.5,0.51,0.02,1.7,0.084,13,31,0.99538,3.36,0.54,10.5,6,953
7.5,0.51,0.02,1.7,0.084,13,31,0.99538,3.36,0.54,10.5,6,954
7.5,0.51,0.02,1.7,0.084,13,31,0.99538,3.36,0.54,10.5,6,955
11.5,0.42,0.48,2.6,0.077,8,20,0.99852,3.09,0.53,11,5,956
8.2,0.44,0.24,2.3,0.063,10,28,0.99613,3.25,0.53,10.2,6,957
6.1,0.59,0.01,2.1,0.056,5,13,0.99472,3.52,0.56,11.4,5,958
7.2,0.655,0.03,1.8,0.078,7,12,0.99587,3.34,0.39,9.5,5,959
7.2,0.62,0.01,2.3,0.065,8,46,0.99332,3.32,0.51,11.8,6,960
7.6,0.645,0.03,1.9,0.086,14,57,0.9969,3.37,0.46,10.3,5,961
6.1,0.32,0.25,1.8,0.086,5,32,0.99464,3.36,0.44,10.1,5,962
6.1,0.34,0.25,1.8,0.084,4,28,0.99464,3.36,0.44,10.1,5,963
7.3,0.43,0.24,2.5,0.078,27,67,0.99648,3.6,0.59,11.1,6,964
7.4,0.64,0.17,5.4,0.168,52,98,0.99736,3.28,0.5,9.5,5,965
11.6,0.475,0.4,1.4,0.091,6,28,0.99704,3.07,0.65,10.03333333,6,966
8.3,0.85,0.14,2.5,0.093,13,54,0.99724,3.36,0.54,10.1,5,967
11.6,0.475,0.4,1.4,0.091,6,28,0.99704,3.07,0.65,10.03333333,6,968
7.2,0.605,0.02,1.9,0.096,10,31,0.995,3.46,0.53,11.8,6,969
7.3,0.74,0.08,1.7,0.094,10,45,0.99576,3.24,0.5,9.8,5,970
6.9,0.54,0.3,2.2,0.088,9,105,0.99725,3.25,1.18,10.5,6,971
8,0.77,0.32,2.1,0.079,16,74,0.99656,3.27,0.5,9.8,6,972
8.7,0.78,0.51,1.7,0.415,12,66,0.99623,3,1.17,9.2,5,973
7.5,0.58,0.56,3.1,0.153,5,14,0.99476,3.21,1.03,11.6,6,974
8.7,0.78,0.51,1.7,0.415,12,66,0.99623,3,1.17,9.2,5,975
8.2,0.885,0.2,1.4,0.086,7,31,0.9946,3.11,0.46,10,5,976
7.2,0.45,0.15,2,0.078,10,28,0.99609,3.29,0.51,9.9,6,977
7.5,0.57,0.02,2.6,0.077,11,35,0.99557,3.36,0.62,10.8,6,978
7.5,0.57,0.02,2.6,0.077,11,35,0.99557,3.36,0.62,10.8,6,979
8,0.6,0.22,2.1,0.08,25,105,0.99613,3.3,0.49,9.9,5,980
8,0.6,0.22,2.1,0.08,25,105,0.99613,3.3,0.49,9.9,5,981
7.1,0.755,0.15,1.8,0.107,20,84,0.99593,3.19,0.5,9.5,5,982
8,0.81,0.25,3.4,0.076,34,85,0.99668,3.19,0.42,9.2,5,983
7.4,0.64,0.07,1.8,0.1,8,23,0.9961,3.3,0.58,9.6,5,984
6.6,0.64,0.31,6.1,0.083,7,49,0.99718,3.35,0.68,10.3,5,985
6,0.49,0,2.3,0.068,15,33,0.99292,3.58,0.59,12.5,6,986
8,0.64,0.22,2.4,0.094,5,33,0.99612,3.37,0.58,11,5,987
7.1,0.62,0.06,1.3,0.07,5,12,0.9942,3.17,0.48,9.8,5,988
8,0.52,0.25,2,0.078,19,59,0.99612,3.3,0.48,10.2,5,989
8.6,0.685,0.1,1.6,0.092,3,12,0.99745,3.31,0.65,9.55,6,990
8.7,0.675,0.1,1.6,0.09,4,11,0.99745,3.31,0.65,9.55,5,991
7.3,0.59,0.26,2,0.08,17,104,0.99584,3.28,0.52,9.9,5,992
7.2,0.67,0,2.2,0.068,10,24,0.9956,3.42,0.72,11.1,6,993
7.9,0.69,0.21,2.1,0.08,33,141,0.9962,3.25,0.51,9.9,5,994
7.6,0.3,0.42,2,0.052,6,24,0.9963,3.44,0.82,11.9,6,995
7.2,0.33,0.33,1.7,0.061,3,13,0.996,3.23,1.1,10,8,996
8,0.5,0.39,2.6,0.082,12,46,0.9985,3.43,0.62,10.7,6,997
8.2,0.24,0.34,5.1,0.062,8,22,0.9974,3.22,0.94,10.9,6,998
6,0.51,0,2.1,0.064,40,54,0.995,3.54,0.93,10.7,6,999
8.1,0.29,0.36,2.2,0.048,35,53,0.995,3.27,1.01,12.4,7,1000
6,0.51,0,2.1,0.064,40,54,0.995,3.54,0.93,10.7,6,1001
6.6,0.96,0,1.8,0.082,5,16,0.9936,3.5,0.44,11.9,6,1002
6.4,0.47,0.4,2.4,0.071,8,19,0.9963,3.56,0.73,10.6,6,1003
8.2,0.24,0.34,5.1,0.062,8,22,0.9974,3.22,0.94,10.9,6,1004
9.9,0.57,0.25,2,0.104,12,89,0.9963,3.04,0.9,10.1,5,1005
10,0.32,0.59,2.2,0.077,3,15,0.9994,3.2,0.78,9.6,5,1006
6.2,0.58,0,1.6,0.065,8,18,0.9966,3.56,0.84,9.4,5,1007
10,0.32,0.59,2.2,0.077,3,15,0.9994,3.2,0.78,9.6,5,1008
7.3,0.34,0.33,2.5,0.064,21,37,0.9952,3.35,0.77,12.1,7,1009
7.8,0.53,0.01,1.6,0.077,3,19,0.995,3.16,0.46,9.8,5,1010
7.7,0.64,0.21,2.2,0.077,32,133,0.9956,3.27,0.45,9.9,5,1011
7.8,0.53,0.01,1.6,0.077,3,19,0.995,3.16,0.46,9.8,5,1012
7.5,0.4,0.18,1.6,0.079,24,58,0.9965,3.34,0.58,9.4,5,1013
7,0.54,0,2.1,0.079,39,55,0.9956,3.39,0.84,11.4,6,1014
6.4,0.53,0.09,3.9,0.123,14,31,0.9968,3.5,0.67,11,4,1015
7.6,0.41,0.33,2.5,0.078,6,23,0.9957,3.3,0.58,11.2,5,1016
7.8,0.64,0,1.9,0.072,27,55,0.9962,3.31,0.63,11,5,1017
7.9,0.18,0.4,2.2,0.049,38,67,0.996,3.33,0.93,11.3,5,1018
7.4,0.41,0.24,1.8,0.066,18,47,0.9956,3.37,0.62,10.4,5,1019
7.6,0.43,0.31,2.1,0.069,13,74,0.9958,3.26,0.54,9.9,6,1020
6.1,0.4,0.16,1.8,0.069,11,25,0.9955,3.42,0.74,10.1,7,1021
10.2,0.54,0.37,15.4,0.214,55,95,1.00369,3.18,0.77,9,6,1022
10,0.38,0.38,1.6,0.169,27,90,0.99914,3.15,0.65,8.5,5,1023
6.8,0.915,0.29,4.8,0.07,15,39,0.99577,3.53,0.54,11.1,5,1024
7,0.59,0,1.7,0.052,3,8,0.996,3.41,0.47,10.3,5,1025
7.3,0.67,0.02,2.2,0.072,31,92,0.99566,3.32,0.68,11.06666667,6,1026
6.9,0.58,0.2,1.75,0.058,8,22,0.99322,3.38,0.49,11.7,5,1027
7.4,0.785,0.19,5.2,0.094,19,98,0.99713,3.16,0.52,9.6,6,1028
6.8,0.67,0,1.9,0.08,22,39,0.99701,3.4,0.74,9.7,5,1029
7.2,0.38,0.31,2,0.056,15,29,0.99472,3.23,0.76,11.3,8,1030
7.2,0.37,0.32,2,0.062,15,28,0.9947,3.23,0.73,11.3,7,1031
7.8,0.32,0.44,2.7,0.104,8,17,0.99732,3.33,0.78,11,7,1032
6.6,0.58,0.02,2,0.062,37,53,0.99374,3.35,0.76,11.6,7,1033
11.7,0.45,0.63,2.2,0.073,7,23,0.99974,3.21,0.69,10.9,6,1034
6.5,0.9,0,1.6,0.052,9,17,0.99467,3.5,0.63,10.9,6,1035
7.6,0.49,0.33,1.9,0.074,27,85,0.99706,3.41,0.58,9,5,1036
8.4,0.29,0.4,1.7,0.067,8,20,0.99603,3.39,0.6,10.5,5,1037
7.9,0.2,0.35,1.7,0.054,7,15,0.99458,3.32,0.8,11.9,7,1038
6.4,0.42,0.09,2.3,0.054,34,64,0.99724,3.41,0.68,10.4,6,1039
6.2,0.785,0,2.1,0.06,6,13,0.99664,3.59,0.61,10,4,1040
6.9,0.63,0.01,2.4,0.076,14,39,0.99522,3.34,0.53,10.8,6,1041
6.8,0.59,0.1,1.7,0.063,34,53,0.9958,3.41,0.67,9.7,5,1042
7.3,0.48,0.32,2.1,0.062,31,54,0.99728,3.3,0.65,10,7,1043
6.7,1.04,0.08,2.3,0.067,19,32,0.99648,3.52,0.57,11,4,1044
7.3,0.48,0.32,2.1,0.062,31,54,0.99728,3.3,0.65,10,7,1045
7.3,0.98,0.05,2.1,0.061,20,49,0.99705,3.31,0.55,9.7,3,1046
10,0.69,0.11,1.4,0.084,8,24,0.99578,2.88,0.47,9.7,5,1047
6.7,0.7,0.08,3.75,0.067,8,16,0.99334,3.43,0.52,12.6,5,1048
7.6,0.35,0.6,2.6,0.073,23,44,0.99656,3.38,0.79,11.1,6,1049
6.1,0.6,0.08,1.8,0.071,14,45,0.99336,3.38,0.54,11,5,1050
9.9,0.5,0.5,13.8,0.205,48,82,1.00242,3.16,0.75,8.8,5,1051
5.3,0.47,0.11,2.2,0.048,16,89,0.99182,3.54,0.88,13.56666667,7,1052
9.9,0.5,0.5,13.8,0.205,48,82,1.00242,3.16,0.75,8.8,5,1053
5.3,0.47,0.11,2.2,0.048,16,89,0.99182,3.54,0.88,13.6,7,1054
7.1,0.875,0.05,5.7,0.082,3,14,0.99808,3.4,0.52,10.2,3,1055
8.2,0.28,0.6,3,0.104,10,22,0.99828,3.39,0.68,10.6,5,1056
5.6,0.62,0.03,1.5,0.08,6,13,0.99498,3.66,0.62,10.1,4,1057
8.2,0.28,0.6,3,0.104,10,22,0.99828,3.39,0.68,10.6,5,1058
8.1,0.33,0.44,1.5,0.042,6,12,0.99542,3.35,0.61,10.7,5,1059
7,0.655,0.16,2.1,0.074,8,25,0.99606,3.37,0.55,9.7,5,1060
6.8,0.68,0.21,2.1,0.07,9,23,0.99546,3.38,0.6,10.3,5,1061
6,0.64,0.05,1.9,0.066,9,17,0.99496,3.52,0.78,10.6,5,1062
5.6,0.54,0.04,1.7,0.049,5,13,0.9942,3.72,0.58,11.4,5,1063
7.1,0.22,0.49,1.8,0.039,8,18,0.99344,3.39,0.56,12.4,6,1064
6.2,0.65,0.06,1.6,0.05,6,18,0.99348,3.57,0.54,11.95,5,1065
7.7,0.54,0.26,1.9,0.089,23,147,0.99636,3.26,0.59,9.7,5,1066
6.4,0.31,0.09,1.4,0.066,15,28,0.99459,3.42,0.7,10,7,1067
7,0.43,0.02,1.9,0.08,15,28,0.99492,3.35,0.81,10.6,6,1068
6.9,0.74,0.03,2.3,0.054,7,16,0.99508,3.45,0.63,11.5,6,1069
6.9,0.74,0.03,2.3,0.054,7,16,0.99508,3.45,0.63,11.5,6,1070
7.8,0.82,0.29,4.3,0.083,21,64,0.99642,3.16,0.53,9.4,5,1071
6.2,0.44,0.39,2.5,0.077,6,14,0.99555,3.51,0.69,11,6,1072
7.5,0.38,0.57,2.3,0.106,5,12,0.99605,3.36,0.55,11.4,6,1073
6.7,0.76,0.02,1.8,0.078,6,12,0.996,3.55,0.63,9.95,3,1074
6.8,0.81,0.05,2,0.07,6,14,0.99562,3.51,0.66,10.8,6,1075
7.5,0.38,0.57,2.3,0.106,5,12,0.99605,3.36,0.55,11.4,6,1076
7.1,0.27,0.6,2.1,0.074,17,25,0.99814,3.38,0.72,10.6,6,1077
7.9,0.18,0.4,1.8,0.062,7,20,0.9941,3.28,0.7,11.1,5,1078
6.4,0.36,0.21,2.2,0.047,26,48,0.99661,3.47,0.77,9.7,6,1079
7.1,0.69,0.04,2.1,0.068,19,27,0.99712,3.44,0.67,9.8,5,1080
6.9,0.84,0.21,4.1,0.074,16,65,0.99842,3.53,0.72,9.233333333,6,1081
6.9,0.84,0.21,4.1,0.074,16,65,0.99842,3.53,0.72,9.25,6,1082
6.5,0.53,0.06,2,0.063,29,44,0.99489,3.38,0.83,10.3,6,1083
7.4,0.47,0.46,2.2,0.114,7,20,0.99647,3.32,0.63,10.5,5,1084
6.6,0.7,0.08,2.6,0.106,14,27,0.99665,3.44,0.58,10.2,5,1085
6.1,0.32,0.25,2.3,0.071,23,58,0.99633,3.42,0.97,10.6,5,1086
6.8,0.48,0.25,2,0.076,29,61,0.9953,3.34,0.6,10.4,5,1087
6.7,0.48,0.08,2.1,0.064,18,34,0.99552,3.33,0.64,9.7,5,1088
6.8,0.47,0.08,2.2,0.064,18,38,0.99553,3.3,0.65,9.6,6,1089
7.9,0.29,0.49,2.2,0.096,21,59,0.99714,3.31,0.67,10.1,6,1090
7.1,0.69,0.08,2.1,0.063,42,52,0.99608,3.42,0.6,10.2,6,1091
6.6,0.44,0.09,2.2,0.063,9,18,0.99444,3.42,0.69,11.3,6,1092
6.1,0.705,0.1,2.8,0.081,13,28,0.99631,3.6,0.66,10.2,5,1093
7.2,0.53,0.13,2,0.058,18,22,0.99573,3.21,0.68,9.9,6,1094
8,0.39,0.3,1.9,0.074,32,84,0.99717,3.39,0.61,9,5,1095
6.6,0.56,0.14,2.4,0.064,13,29,0.99397,3.42,0.62,11.7,7,1096
7,0.55,0.13,2.2,0.075,15,35,0.9959,3.36,0.59,9.7,6,1097
6.2,0.64,0.09,2.5,0.081,15,26,0.99538,3.57,0.63,12,5,1098
6.2,0.52,0.08,4.4,0.071,11,32,0.99646,3.56,0.63,11.6,6,1099
8.4,0.37,0.43,2.3,0.063,12,19,0.9955,3.17,0.81,11.2,7,1100
6.5,0.63,0.33,1.8,0.059,16,28,0.99531,3.36,0.64,10.1,6,1101
7,0.57,0.02,2,0.072,17,26,0.99575,3.36,0.61,10.2,5,1102
11.2,0.4,0.5,2,0.099,19,50,0.99783,3.1,0.58,10.4,5,1103
7.4,0.36,0.3,1.8,0.074,17,24,0.99419,3.24,0.7,11.4,8,1104
7.1,0.67,0,2.3,0.083,18,27,0.99768,3.44,0.54,9.4,5,1105
6.3,0.68,0.01,3.7,0.103,32,54,0.99586,3.51,0.66,11.3,6,1106
7.3,0.735,0,2.2,0.08,18,28,0.99765,3.41,0.6,9.4,5,1107
7,0.56,0.17,1.7,0.065,15,24,0.99514,3.44,0.68,10.55,7,1108
6.6,0.88,0.04,2.2,0.066,12,20,0.99636,3.53,0.56,9.9,5,1109
6.6,0.855,0.02,2.4,0.062,15,23,0.99627,3.54,0.6,11,6,1110
6.9,0.63,0.33,6.7,0.235,66,115,0.99787,3.22,0.56,9.5,5,1111
7.8,0.6,0.26,2,0.08,31,131,0.99622,3.21,0.52,9.9,5,1112
7.8,0.6,0.26,2,0.08,31,131,0.99622,3.21,0.52,9.9,5,1113
7.8,0.6,0.26,2,0.08,31,131,0.99622,3.21,0.52,9.9,5,1114
7.2,0.695,0.13,2,0.076,12,20,0.99546,3.29,0.54,10.1,5,1115
7.2,0.695,0.13,2,0.076,12,20,0.99546,3.29,0.54,10.1,5,1116
6.7,0.67,0.02,1.9,0.061,26,42,0.99489,3.39,0.82,10.9,6,1117
6.7,0.16,0.64,2.1,0.059,24,52,0.99494,3.34,0.71,11.2,6,1118
7.2,0.695,0.13,2,0.076,12,20,0.99546,3.29,0.54,10.1,5,1119
7,0.56,0.13,1.6,0.077,25,42,0.99629,3.34,0.59,9.2,5,1120
6.2,0.51,0.14,1.9,0.056,15,34,0.99396,3.48,0.57,11.5,6,1121
6.4,0.36,0.53,2.2,0.23,19,35,0.9934,3.37,0.93,12.4,6,1122
6.4,0.38,0.14,2.2,0.038,15,25,0.99514,3.44,0.65,11.1,6,1123
7.3,0.69,0.32,2.2,0.069,35,104,0.99632,3.33,0.51,9.5,5,1124
6,0.58,0.2,2.4,0.075,15,50,0.99467,3.58,0.67,12.5,6,1125
7.5,0.52,0.4,2.2,0.06,12,20,0.99474,3.26,0.64,11.8,6,1126
8,0.3,0.63,1.6,0.081,16,29,0.99588,3.3,0.78,10.8,6,1127
6.2,0.7,0.15,5.1,0.076,13,27,0.99622,3.54,0.6,11.9,6,1128
6.8,0.67,0.15,1.8,0.118,13,20,0.9954,3.42,0.67,11.3,6,1129
7.4,0.35,0.33,2.4,0.068,9,26,0.9947,3.36,0.6,11.9,6,1130
6.1,0.715,0.1,2.6,0.053,13,27,0.99362,3.57,0.5,11.9,5,1131
6.2,0.46,0.29,2.1,0.074,32,98,0.99578,3.33,0.62,9.8,5,1132
6.7,0.32,0.44,2.4,0.061,24,34,0.99484,3.29,0.8,11.6,7,1133
7.5,0.31,0.41,2.4,0.065,34,60,0.99492,3.34,0.85,11.4,6,1134
5.8,0.61,0.11,1.8,0.066,18,28,0.99483,3.55,0.66,10.9,6,1135
6.3,0.55,0.15,1.8,0.077,26,35,0.99314,3.32,0.82,11.6,6,1136
5.4,0.74,0.09,1.7,0.089,16,26,0.99402,3.67,0.56,11.6,6,1137
6.3,0.51,0.13,2.3,0.076,29,40,0.99574,3.42,0.75,11,6,1138
6.8,0.62,0.08,1.9,0.068,28,38,0.99651,3.42,0.82,9.5,6,1139
6.2,0.6,0.08,2,0.09,32,44,0.9949,3.45,0.58,10.5,5,1140
5.9,0.55,0.1,2.2,0.062,39,51,0.99512,3.52,0.76,11.2,6,1141
5.9,0.645,0.12,2,0.075,32,44,0.99547,3.57,0.71,10.2,5,1142
